timestamp,segment_id,road_type,speed_limit,vehicle_count,congestion_level,average_speed,rainfall_mm,visibility_m,pothole_count,waterlogging,sudden_braking_events,hour_of_day,is_peak_hour,risk_score,speed_ratio,traffic_pressure,weather_hazard_score,infrastructure_risk,day_of_week,is_weekend
2026-01-01 00:00:00,SEG_007,highway,80,114,0.3,53.13,30.861529051466096,61.49,2,1,2,0,0,33.69,0.6641250000000001,0.34199999999999997,80.0,35.0,3,0
2026-01-01 01:00:00,SEG_015,city_road,50,107,0.31,32.4,0.0,3588.94,7,0,2,1,0,29.9,0.648,0.3317,10.0,17.5,3,0
2026-01-01 02:00:00,SEG_011,city_road,50,63,0.15,34.98,30.861529051466096,61.49,3,0,1,2,0,20.42,0.6995999999999999,0.0945,80.0,7.5,3,0
2026-01-01 03:00:00,SEG_008,highway,80,297,0.66,27.83,0.0,3588.94,2,0,1,3,0,30.88,0.347875,1.9602000000000002,10.0,5.0,3,0
2026-01-01 04:00:00,SEG_007,highway,80,190,0.5,40.15,0.0,3588.94,1,0,1,4,0,26.24,0.501875,0.95,10.0,2.5,3,0
2026-01-01 05:00:00,SEG_019,expressway,100,208,0.48,52.99,0.0,3588.94,3,0,2,5,0,33.45,0.5299,0.9984,10.0,7.5,3,0
2026-01-01 06:00:00,SEG_011,city_road,50,372,0.87,10.0,30.861529051466096,61.49,3,1,2,6,0,65.91,0.2,3.2364,80.0,37.5,3,0
2026-01-01 07:00:00,SEG_011,highway,80,203,0.54,32.81,0.0,3588.94,0,0,1,7,0,17.24,0.410125,1.0962,10.0,0.0,3,0
2026-01-01 08:00:00,SEG_004,highway,80,22,0.04,78.17,30.861529051466096,61.49,3,0,3,8,1,22.57,0.977125,0.0088,80.0,7.5,3,0
2026-01-01 09:00:00,SEG_008,highway,80,210,0.58,35.82,0.0,3588.94,5,0,2,9,1,35.09,0.44775,1.218,10.0,12.5,3,0
2026-01-01 10:00:00,SEG_003,city_road,50,137,0.3,32.56,0.0,3588.94,4,0,1,10,1,22.6,0.6512,0.41100000000000003,10.0,10.0,3,0
2026-01-01 11:00:00,SEG_002,highway,80,38,0.07,76.5,0.0,3588.94,4,0,1,11,1,13.62,0.95625,0.026600000000000002,10.0,10.0,3,0
2026-01-01 12:00:00,SEG_012,highway,80,42,0.16,67.6,0.0,3588.94,5,0,1,12,0,16.54,0.845,0.0672,10.0,12.5,3,0
2026-01-01 13:00:00,SEG_006,expressway,100,49,0.14,82.84,30.861529051466096,61.49,2,1,3,13,0,36.86,0.8284,0.06860000000000001,80.0,35.0,3,0
2026-01-01 14:00:00,SEG_002,highway,80,314,0.71,24.61,0.0,3588.94,3,0,1,14,0,31.24,0.307625,2.2294,10.0,7.5,3,0
2026-01-01 15:00:00,SEG_001,city_road,50,127,0.33,32.05,0.0,3588.94,3,0,5,15,0,29.83,0.6409999999999999,0.41910000000000003,10.0,7.5,3,0
2026-01-01 16:00:00,SEG_012,highway,80,386,1.0,10.0,0.0,3588.94,4,0,1,16,0,50.86,0.125,3.86,10.0,10.0,3,0
2026-01-01 17:00:00,SEG_012,highway,80,300,0.73,20.4,0.0,3588.94,1,0,3,17,1,34.24,0.255,2.19,10.0,2.5,3,0
2026-01-01 18:00:00,SEG_017,highway,80,147,0.4,41.55,30.861529051466096,61.49,2,1,5,18,1,55.9,0.5193749999999999,0.588,80.0,35.0,3,0
2026-01-01 19:00:00,SEG_010,expressway,100,248,0.58,43.33,0.0,3588.94,3,0,1,19,1,32.21,0.43329999999999996,1.4384,10.0,7.5,3,0
2026-01-01 20:00:00,SEG_016,expressway,100,130,0.32,69.15,0.0,3588.94,2,0,0,20,1,15.78,0.6915,0.41600000000000004,10.0,5.0,3,0
2026-01-01 21:00:00,SEG_015,expressway,100,155,0.44,50.59,30.861529051466096,61.49,3,1,3,21,0,49.86,0.5059,0.682,80.0,37.5,3,0
2026-01-01 22:00:00,SEG_015,city_road,50,381,0.96,10.0,30.861529051466096,61.49,5,0,2,22,0,60.27,0.2,3.6576,80.0,12.5,3,0
2026-01-01 23:00:00,SEG_019,city_road,50,205,0.58,24.49,0.0,3588.94,1,0,0,23,0,23.36,0.48979999999999996,1.1889999999999998,10.0,2.5,3,0
2026-01-02 00:00:00,SEG_012,highway,80,163,0.43,41.25,0.0,3588.94,1,0,0,0,0,10.49,0.515625,0.7009,10.0,2.5,4,0
2026-01-02 01:00:00,SEG_003,highway,80,91,0.34,49.5,0.0,3588.94,1,0,2,1,0,23.64,0.61875,0.3094,10.0,2.5,4,0
2026-01-02 02:00:00,SEG_005,expressway,100,148,0.29,70.29,0.0,3588.94,1,0,1,2,0,17.77,0.7029000000000001,0.42919999999999997,10.0,2.5,4,0
2026-01-02 03:00:00,SEG_019,highway,80,383,0.95,10.0,30.861529051466096,61.49,1,1,2,3,0,64.98,0.125,3.6385,80.0,32.5,4,0
2026-01-02 04:00:00,SEG_007,highway,80,280,0.65,31.2,0.0,3588.94,1,0,2,4,0,35.65,0.39,1.8199999999999998,10.0,2.5,4,0
2026-01-02 05:00:00,SEG_009,highway,80,22,0.0,80.74,0.0,3588.94,3,0,2,5,0,14.55,1.00925,0.0,10.0,7.5,4,0
2026-01-02 06:00:00,SEG_007,highway,80,123,0.26,53.73,0.0,3588.94,2,0,3,6,0,25.48,0.6716249999999999,0.31980000000000003,10.0,5.0,4,0
2026-01-02 07:00:00,SEG_018,highway,80,243,0.62,26.29,0.0,3588.94,5,0,2,7,0,40.81,0.328625,1.5066000000000002,10.0,12.5,4,0
2026-01-02 08:00:00,SEG_004,city_road,50,339,0.86,12.94,0.0,3588.94,5,0,1,8,1,45.37,0.2588,2.9154,10.0,12.5,4,0
2026-01-02 09:00:00,SEG_014,city_road,50,381,0.97,10.0,0.0,3588.94,2,0,2,9,1,38.58,0.2,3.6957,10.0,5.0,4,0
2026-01-02 10:00:00,SEG_018,expressway,100,373,0.88,14.69,0.0,3588.94,2,0,2,10,1,35.79,0.1469,3.2824,10.0,5.0,4,0
2026-01-02 11:00:00,SEG_009,expressway,100,29,0.06,92.94,0.0,3588.94,4,0,2,11,1,18.65,0.9294,0.0174,10.0,10.0,4,0
2026-01-02 12:00:00,SEG_002,city_road,50,321,0.75,10.3,0.0,3588.94,0,0,4,12,0,41.94,0.20600000000000002,2.4074999999999998,10.0,0.0,4,0
2026-01-02 13:00:00,SEG_015,highway,80,250,0.67,29.15,0.0,3588.94,2,0,4,13,0,37.33,0.364375,1.675,10.0,5.0,4,0
2026-01-02 14:00:00,SEG_007,city_road,50,238,0.55,22.88,0.0,3588.94,3,0,0,14,0,21.91,0.4576,1.309,10.0,7.5,4,0
2026-01-02 15:00:00,SEG_012,city_road,50,85,0.2,31.95,0.0,3588.94,3,0,3,15,0,22.79,0.639,0.17,10.0,7.5,4,0
2026-01-02 16:00:00,SEG_008,highway,80,131,0.36,56.36,0.0,3588.94,3,0,1,16,0,17.24,0.7045,0.4716,10.0,7.5,4,0
2026-01-02 17:00:00,SEG_015,city_road,50,32,0.05,54.23,0.0,3588.94,1,0,3,17,1,12.24,1.0846,0.016,10.0,2.5,4,0
2026-01-02 18:00:00,SEG_003,city_road,50,105,0.3,38.69,0.0,3588.94,3,0,3,18,1,24.43,0.7737999999999999,0.315,10.0,7.5,4,0
2026-01-02 19:00:00,SEG_014,city_road,50,253,0.71,10.0,0.0,3588.94,1,0,2,19,1,32.18,0.2,1.7962999999999998,10.0,2.5,4,0
2026-01-02 20:00:00,SEG_017,city_road,50,109,0.28,32.82,30.861529051466096,61.49,2,1,2,20,1,48.17,0.6564,0.3052,80.0,35.0,4,0
2026-01-02 21:00:00,SEG_004,highway,80,333,0.88,10.0,30.861529051466096,61.49,2,0,1,21,0,43.61,0.125,2.9304,80.0,5.0,4,0
2026-01-02 22:00:00,SEG_018,rural,40,73,0.08,44.78,30.861529051466096,61.49,1,1,2,22,0,33.68,1.1195,0.0584,80.0,32.5,4,0
2026-01-02 23:00:00,SEG_008,expressway,100,31,0.06,92.22,0.0,3588.94,6,0,0,23,0,10.16,0.9222,0.0186,10.0,15.0,4,0
2026-01-03 00:00:00,SEG_004,highway,80,228,0.58,45.27,30.861529051466096,61.49,2,1,1,0,0,52.84,0.565875,1.3223999999999998,80.0,35.0,5,1
2026-01-03 01:00:00,SEG_002,expressway,100,33,0.03,106.78,0.0,3588.94,7,0,2,1,0,20.51,1.0678,0.0099,10.0,17.5,5,1
2026-01-03 02:00:00,SEG_006,city_road,50,140,0.36,27.48,0.0,3588.94,8,0,1,2,0,34.13,0.5496,0.504,10.0,20.0,5,1
2026-01-03 03:00:00,SEG_010,expressway,100,396,1.0,10.0,0.0,3588.94,2,0,2,3,0,37.63,0.1,3.96,10.0,5.0,5,1
2026-01-03 04:00:00,SEG_004,expressway,100,39,0.0,102.33,30.861529051466096,61.49,2,1,2,4,0,32.54,1.0232999999999999,0.0,80.0,35.0,5,1
2026-01-03 05:00:00,SEG_018,city_road,50,94,0.18,32.23,0.0,3588.94,6,0,1,5,0,21.7,0.6446,0.1692,10.0,15.0,5,1
2026-01-03 06:00:00,SEG_012,highway,80,262,0.66,25.01,0.0,3588.94,3,0,0,6,0,31.83,0.31262500000000004,1.7292,10.0,7.5,5,1
2026-01-03 07:00:00,SEG_002,highway,80,242,0.63,26.91,30.861529051466096,61.49,1,1,2,7,0,50.84,0.336375,1.5246,80.0,32.5,5,1
2026-01-03 08:00:00,SEG_010,city_road,50,89,0.26,46.26,30.861529051466096,61.49,3,1,3,8,1,49.18,0.9251999999999999,0.23140000000000002,80.0,37.5,5,1
2026-01-03 09:00:00,SEG_004,city_road,50,331,0.83,10.0,0.0,3588.94,0,0,3,9,1,36.47,0.2,2.7473,10.0,0.0,5,1
2026-01-03 10:00:00,SEG_014,highway,80,230,0.6,30.58,0.0,3588.94,6,0,1,10,1,36.28,0.38225,1.38,10.0,15.0,5,1
2026-01-03 11:00:00,SEG_016,highway,80,120,0.35,48.84,0.0,3588.94,2,0,2,11,1,25.02,0.6105,0.42,10.0,5.0,5,1
2026-01-03 12:00:00,SEG_015,expressway,100,205,0.49,55.47,30.861529051466096,61.49,1,1,3,12,0,48.08,0.5547,1.0045,80.0,32.5,5,1
2026-01-03 13:00:00,SEG_008,rural,40,151,0.35,23.52,0.0,3588.94,3,0,1,13,0,23.47,0.588,0.5285,10.0,7.5,5,1
2026-01-03 14:00:00,SEG_014,city_road,50,130,0.32,33.75,0.0,3588.94,3,0,2,14,0,24.2,0.675,0.41600000000000004,10.0,7.5,5,1
2026-01-03 15:00:00,SEG_008,highway,80,151,0.39,45.6,30.861529051466096,61.49,5,1,1,15,0,48.36,0.5700000000000001,0.5889,80.0,42.5,5,1
2026-01-03 16:00:00,SEG_016,highway,80,39,0.06,67.61,0.0,3588.94,1,0,4,16,0,14.1,0.845125,0.0234,10.0,2.5,5,1
2026-01-03 17:00:00,SEG_013,highway,80,43,0.09,67.82,0.0,3588.94,2,0,2,17,1,6.85,0.8477499999999999,0.0387,10.0,5.0,5,1
2026-01-03 18:00:00,SEG_018,rural,40,246,0.63,12.29,0.0,3588.94,3,0,5,18,1,42.81,0.30724999999999997,1.5498,10.0,7.5,5,1
2026-01-03 19:00:00,SEG_015,highway,80,173,0.44,43.48,0.0,3588.94,6,0,2,19,1,32.4,0.5435,0.7612,10.0,15.0,5,1
2026-01-03 20:00:00,SEG_013,city_road,50,312,0.77,10.4,0.0,3588.94,2,0,4,20,1,44.87,0.20800000000000002,2.4024,10.0,5.0,5,1
2026-01-03 21:00:00,SEG_009,highway,80,249,0.54,36.36,0.0,3588.94,3,0,3,21,0,35.51,0.4545,1.3446000000000002,10.0,7.5,5,1
2026-01-03 22:00:00,SEG_015,city_road,50,329,0.82,10.0,0.0,3588.94,4,0,0,22,0,39.91,0.2,2.6978,10.0,10.0,5,1
2026-01-03 23:00:00,SEG_013,city_road,50,378,0.9,11.75,0.0,3588.94,5,0,3,23,0,53.82,0.235,3.4019999999999997,10.0,12.5,5,1
2026-01-04 00:00:00,SEG_001,expressway,100,221,0.6,44.74,0.0,3588.94,1,0,1,0,0,35.47,0.4474,1.3259999999999998,10.0,2.5,6,1
2026-01-04 01:00:00,SEG_007,highway,80,57,0.13,68.92,30.861529051466096,61.49,4,0,3,1,0,30.81,0.8615,0.0741,80.0,10.0,6,1
2026-01-04 02:00:00,SEG_009,highway,80,279,0.65,29.27,30.861529051466096,61.49,4,1,2,2,0,56.88,0.365875,1.8135000000000001,80.0,40.0,6,1
2026-01-04 03:00:00,SEG_001,highway,80,207,0.51,37.34,0.0,3588.94,1,0,1,3,0,25.33,0.46675000000000005,1.0556999999999999,10.0,2.5,6,1
2026-01-04 04:00:00,SEG_012,rural,40,76,0.25,15.78,0.0,3588.94,6,0,0,4,0,25.57,0.39449999999999996,0.19,10.0,15.0,6,1
2026-01-04 05:00:00,SEG_008,expressway,100,39,0.13,87.1,0.0,3588.94,5,0,1,5,0,18.97,0.871,0.0507,10.0,12.5,6,1
2026-01-04 06:00:00,SEG_011,city_road,50,292,0.74,14.53,30.861529051466096,61.49,5,1,1,6,0,55.24,0.29059999999999997,2.1608,80.0,42.5,6,1
2026-01-04 07:00:00,SEG_019,city_road,50,138,0.28,27.94,0.0,3588.94,6,0,4,7,0,35.47,0.5588000000000001,0.3864,10.0,15.0,6,1
2026-01-04 08:00:00,SEG_017,city_road,50,90,0.31,37.0,30.861529051466096,61.49,3,1,1,8,1,40.68,0.74,0.279,80.0,37.5,6,1
2026-01-04 09:00:00,SEG_008,highway,80,23,0.03,76.2,0.0,3588.94,1,0,2,9,1,5.08,0.9525,0.0069,10.0,2.5,6,1
2026-01-04 10:00:00,SEG_003,rural,40,240,0.65,15.69,30.861529051466096,61.49,1,0,3,10,1,42.03,0.39225,1.56,80.0,2.5,6,1
2026-01-04 11:00:00,SEG_003,city_road,50,33,0.07,45.25,30.861529051466096,61.49,6,1,3,11,1,41.59,0.905,0.023100000000000002,80.0,45.0,6,1
2026-01-04 12:00:00,SEG_001,city_road,50,22,0.1,51.25,30.861529051466096,61.49,2,1,1,12,0,36.28,1.025,0.022000000000000002,80.0,35.0,6,1
2026-01-04 13:00:00,SEG_005,city_road,50,235,0.65,18.63,0.0,3588.94,4,0,2,13,0,38.94,0.3726,1.5275,10.0,10.0,6,1
2026-01-04 14:00:00,SEG_010,highway,80,248,0.65,33.01,0.0,3588.94,3,0,4,14,0,40.49,0.41262499999999996,1.612,10.0,7.5,6,1
2026-01-04 15:00:00,SEG_007,highway,80,355,0.93,11.02,0.0,3588.94,7,0,5,15,0,59.9,0.13774999999999998,3.3015,10.0,17.5,6,1
2026-01-04 16:00:00,SEG_009,expressway,100,205,0.51,43.4,0.0,3588.94,2,0,1,16,0,24.3,0.434,1.0454999999999999,10.0,5.0,6,1
2026-01-04 17:00:00,SEG_007,highway,80,74,0.16,63.5,0.0,3588.94,4,0,2,17,1,16.57,0.79375,0.1184,10.0,10.0,6,1
2026-01-04 18:00:00,SEG_009,city_road,50,395,0.99,10.0,0.0,3588.94,0,0,3,18,1,43.42,0.2,3.9105000000000003,10.0,0.0,6,1
2026-01-04 19:00:00,SEG_008,highway,80,273,0.67,24.57,0.0,3588.94,1,0,2,19,1,22.92,0.307125,1.8291000000000002,10.0,2.5,6,1
2026-01-04 20:00:00,SEG_012,city_road,50,43,0.23,37.31,0.0,3588.94,2,0,2,20,1,18.32,0.7462000000000001,0.0989,10.0,5.0,6,1
2026-01-04 21:00:00,SEG_002,highway,80,181,0.4,54.43,0.0,3588.94,7,0,3,21,0,37.34,0.680375,0.7240000000000001,10.0,17.5,6,1
2026-01-04 22:00:00,SEG_001,city_road,50,177,0.49,23.95,0.0,3588.94,5,0,2,22,0,35.69,0.479,0.8673,10.0,12.5,6,1
2026-01-04 23:00:00,SEG_016,expressway,100,101,0.28,67.16,30.861529051466096,61.49,3,1,0,23,0,39.41,0.6716,0.28280000000000005,80.0,37.5,6,1
2026-01-05 00:00:00,SEG_005,highway,80,178,0.46,39.03,0.0,3588.94,7,0,4,0,0,45.03,0.487875,0.8188000000000001,10.0,17.5,0,0
2026-01-05 01:00:00,SEG_003,city_road,50,207,0.59,31.41,0.0,3588.94,2,0,1,1,0,29.29,0.6282,1.2212999999999998,10.0,5.0,0,0
2026-01-05 02:00:00,SEG_012,city_road,50,79,0.21,38.61,0.0,3588.94,3,0,0,2,0,16.46,0.7722,0.1659,10.0,7.5,0,0
2026-01-05 03:00:00,SEG_008,city_road,50,324,0.78,10.0,30.861529051466096,61.49,1,0,3,3,0,53.88,0.2,2.5272,80.0,2.5,0,0
2026-01-05 04:00:00,SEG_003,rural,40,338,0.86,10.0,0.0,3588.94,3,0,3,4,0,46.36,0.25,2.9068,10.0,7.5,0,0
2026-01-05 05:00:00,SEG_001,expressway,100,385,0.95,10.0,0.0,3588.94,3,0,2,5,0,45.8,0.1,3.6574999999999998,10.0,7.5,0,0
2026-01-05 06:00:00,SEG_003,highway,80,230,0.6,31.02,0.0,3588.94,4,0,3,6,0,41.56,0.38775,1.38,10.0,10.0,0,0
2026-01-05 07:00:00,SEG_005,highway,80,171,0.47,47.15,0.0,3588.94,3,0,1,7,0,24.05,0.589375,0.8037,10.0,7.5,0,0
2026-01-05 08:00:00,SEG_015,highway,80,128,0.28,61.86,0.0,3588.94,4,0,1,8,1,20.44,0.77325,0.35840000000000005,10.0,10.0,0,0
2026-01-05 09:00:00,SEG_014,city_road,50,95,0.3,34.97,30.861529051466096,61.49,2,1,2,9,1,44.48,0.6994,0.285,80.0,35.0,0,0
2026-01-05 10:00:00,SEG_003,highway,80,49,0.11,68.93,30.861529051466096,61.49,4,1,3,10,1,43.78,0.8616250000000001,0.053899999999999997,80.0,40.0,0,0
2026-01-05 11:00:00,SEG_001,city_road,50,333,0.85,10.0,0.0,3588.94,6,0,4,11,1,53.95,0.2,2.8305,10.0,15.0,0,0
2026-01-05 12:00:00,SEG_005,city_road,50,136,0.37,22.76,0.0,3588.94,3,0,2,12,0,27.65,0.45520000000000005,0.5032,10.0,7.5,0,0
2026-01-05 13:00:00,SEG_014,city_road,50,375,0.96,11.91,0.0,3588.94,4,0,4,13,0,48.51,0.2382,3.5999999999999996,10.0,10.0,0,0
2026-01-05 14:00:00,SEG_007,expressway,100,211,0.52,51.27,0.0,3588.94,1,0,1,14,0,29.3,0.5127,1.0972,10.0,2.5,0,0
2026-01-05 15:00:00,SEG_009,highway,80,38,0.07,78.73,0.0,3588.94,6,0,0,15,0,15.91,0.984125,0.026600000000000002,10.0,15.0,0,0
2026-01-05 16:00:00,SEG_015,highway,80,192,0.47,37.03,0.0,3588.94,4,0,3,16,0,32.25,0.46287500000000004,0.9023999999999999,10.0,10.0,0,0
2026-01-05 17:00:00,SEG_015,expressway,100,247,0.7,36.41,30.861529051466096,61.49,2,1,6,17,1,71.1,0.3641,1.729,80.0,35.0,0,0
2026-01-05 18:00:00,SEG_010,city_road,50,369,0.88,10.0,30.861529051466096,61.49,0,1,3,18,1,62.83,0.2,3.2472,80.0,30.0,0,0
2026-01-05 19:00:00,SEG_013,city_road,50,202,0.47,21.74,0.0,3588.94,2,0,3,19,1,29.84,0.43479999999999996,0.9493999999999999,10.0,5.0,0,0
2026-01-05 20:00:00,SEG_019,city_road,50,132,0.29,35.3,0.0,3588.94,4,0,3,20,1,26.51,0.706,0.3828,10.0,10.0,0,0
2026-01-05 21:00:00,SEG_007,highway,80,202,0.51,38.89,0.0,3588.94,3,0,4,21,0,40.25,0.48612500000000003,1.0302,10.0,7.5,0,0
2026-01-05 22:00:00,SEG_017,expressway,100,165,0.34,60.61,0.0,3588.94,4,0,2,22,0,25.87,0.6061,0.561,10.0,10.0,0,0
2026-01-05 23:00:00,SEG_004,expressway,100,338,0.78,17.53,0.0,3588.94,4,0,1,23,0,36.62,0.1753,2.6364,10.0,10.0,0,0
2026-01-06 00:00:00,SEG_005,city_road,50,135,0.32,29.13,0.0,3588.94,6,0,5,0,0,41.2,0.5826,0.43200000000000005,10.0,15.0,1,0
2026-01-06 01:00:00,SEG_007,highway,80,132,0.27,53.58,30.861529051466096,61.49,3,1,3,1,0,50.71,0.66975,0.35640000000000005,80.0,37.5,1,0
2026-01-06 02:00:00,SEG_013,city_road,50,270,0.61,17.56,30.861529051466096,61.49,2,1,3,2,0,61.89,0.35119999999999996,1.647,80.0,35.0,1,0
2026-01-06 03:00:00,SEG_015,city_road,50,270,0.61,12.56,0.0,3588.94,5,0,0,3,0,33.25,0.25120000000000003,1.647,10.0,12.5,1,0
2026-01-06 04:00:00,SEG_011,highway,80,322,0.76,15.74,0.0,3588.94,5,0,0,4,0,40.04,0.19675,2.4472,10.0,12.5,1,0
2026-01-06 05:00:00,SEG_004,rural,40,332,0.87,10.43,0.0,3588.94,4,0,2,5,0,43.67,0.26075,2.8884,10.0,10.0,1,0
2026-01-06 06:00:00,SEG_013,highway,80,137,0.39,52.92,0.0,3588.94,2,0,2,6,0,26.73,0.6615,0.5343000000000001,10.0,5.0,1,0
2026-01-06 07:00:00,SEG_007,rural,40,320,0.9,10.0,0.0,3588.94,1,0,2,7,0,41.73,0.25,2.8800000000000003,10.0,2.5,1,0
2026-01-06 08:00:00,SEG_019,city_road,50,180,0.54,27.79,0.0,3588.94,5,0,0,8,1,30.49,0.5558,0.9720000000000001,10.0,12.5,1,0
2026-01-06 09:00:00,SEG_002,highway,80,217,0.58,23.77,0.0,3588.94,6,0,0,9,1,27.63,0.297125,1.2586,10.0,15.0,1,0
2026-01-06 10:00:00,SEG_010,city_road,50,279,0.75,24.65,0.0,3588.94,1,0,2,10,1,33.09,0.493,2.0925000000000002,10.0,2.5,1,0
2026-01-06 11:00:00,SEG_013,expressway,100,167,0.42,64.5,30.861529051466096,61.49,6,1,0,11,1,49.28,0.645,0.7013999999999999,80.0,45.0,1,0
2026-01-06 12:00:00,SEG_006,expressway,100,259,0.67,30.2,0.0,3588.94,3,0,0,12,0,31.04,0.302,1.7353,10.0,7.5,1,0
2026-01-06 13:00:00,SEG_012,expressway,100,66,0.26,75.91,0.0,3588.94,4,0,5,13,0,39.3,0.7591,0.1716,10.0,10.0,1,0
2026-01-06 14:00:00,SEG_012,city_road,50,217,0.56,15.0,0.0,3588.94,3,0,1,14,0,31.18,0.3,1.2152,10.0,7.5,1,0
2026-01-06 15:00:00,SEG_011,city_road,50,66,0.22,39.3,0.0,3588.94,3,0,2,15,0,17.27,0.7859999999999999,0.1452,10.0,7.5,1,0
2026-01-06 16:00:00,SEG_007,expressway,100,97,0.2,79.08,0.0,3588.94,4,0,1,16,0,16.56,0.7908,0.194,10.0,10.0,1,0
2026-01-06 17:00:00,SEG_001,highway,80,143,0.32,50.23,30.861529051466096,61.49,1,1,0,17,1,40.08,0.627875,0.4576,80.0,32.5,1,0
2026-01-06 18:00:00,SEG_001,city_road,50,94,0.25,35.16,30.861529051466096,61.49,5,0,0,18,1,24.89,0.7031999999999999,0.235,80.0,12.5,1,0
2026-01-06 19:00:00,SEG_013,highway,80,378,0.95,10.0,0.0,3588.94,2,0,0,19,1,40.31,0.125,3.5909999999999997,10.0,5.0,1,0
2026-01-06 20:00:00,SEG_009,rural,40,156,0.36,19.94,0.0,3588.94,4,0,0,20,1,20.95,0.49850000000000005,0.5616,10.0,10.0,1,0
2026-01-06 21:00:00,SEG_003,rural,40,109,0.39,20.11,0.0,3588.94,5,0,2,21,0,29.15,0.50275,0.42510000000000003,10.0,12.5,1,0
2026-01-06 22:00:00,SEG_007,highway,80,344,0.87,10.0,0.0,3588.94,3,0,4,22,0,46.92,0.125,2.9928,10.0,7.5,1,0
2026-01-06 23:00:00,SEG_006,expressway,100,80,0.18,86.29,30.861529051466096,61.49,3,1,0,23,0,25.88,0.8629000000000001,0.144,80.0,37.5,1,0
2026-01-07 00:00:00,SEG_008,rural,40,157,0.4,19.34,0.0,3588.94,4,0,1,0,0,26.62,0.4835,0.6280000000000001,10.0,10.0,2,0
2026-01-07 01:00:00,SEG_009,highway,80,69,0.17,60.29,0.0,3588.94,2,0,3,1,0,15.79,0.753625,0.1173,10.0,5.0,2,0
2026-01-07 02:00:00,SEG_005,city_road,50,278,0.7,19.21,0.0,3588.94,4,0,1,2,0,31.24,0.38420000000000004,1.9459999999999997,10.0,10.0,2,0
2026-01-07 03:00:00,SEG_001,rural,40,126,0.24,32.25,0.0,3588.94,0,0,2,3,0,15.14,0.80625,0.3024,10.0,0.0,2,0
2026-01-07 04:00:00,SEG_019,highway,80,132,0.39,52.82,30.861529051466096,61.49,0,1,1,4,0,42.45,0.66025,0.5148,80.0,30.0,2,0
2026-01-07 05:00:00,SEG_010,city_road,50,369,0.99,10.0,0.0,3588.94,4,0,4,5,0,49.56,0.2,3.6531,10.0,10.0,2,0
2026-01-07 06:00:00,SEG_012,highway,80,273,0.76,28.89,30.861529051466096,61.49,2,0,3,6,0,50.33,0.36112500000000003,2.0748,80.0,5.0,2,0
2026-01-07 07:00:00,SEG_015,rural,40,137,0.36,24.82,0.0,3588.94,2,0,1,7,0,16.89,0.6205,0.4932,10.0,5.0,2,0
2026-01-07 08:00:00,SEG_009,rural,40,217,0.58,10.0,30.861529051466096,61.49,1,1,2,8,1,52.96,0.25,1.2586,80.0,32.5,2,0
2026-01-07 09:00:00,SEG_017,rural,40,356,0.85,10.0,0.0,3588.94,2,0,1,9,1,38.49,0.25,3.026,10.0,5.0,2,0
2026-01-07 10:00:00,SEG_017,city_road,50,384,1.0,10.0,0.0,3588.94,5,0,4,10,1,56.38,0.2,3.84,10.0,12.5,2,0
2026-01-07 11:00:00,SEG_012,expressway,100,70,0.19,76.21,30.861529051466096,61.49,2,0,0,11,1,18.46,0.7620999999999999,0.13299999999999998,80.0,5.0,2,0
2026-01-07 12:00:00,SEG_007,expressway,100,264,0.64,36.5,0.0,3588.94,3,0,5,12,0,42.21,0.365,1.6896000000000002,10.0,7.5,2,0
2026-01-07 13:00:00,SEG_002,city_road,50,54,0.18,45.33,0.0,3588.94,0,0,2,13,0,13.09,0.9066,0.09720000000000001,10.0,0.0,2,0
2026-01-07 14:00:00,SEG_003,expressway,100,321,0.85,10.82,0.0,3588.94,2,0,3,14,0,43.51,0.1082,2.7285,10.0,5.0,2,0
2026-01-07 15:00:00,SEG_017,highway,80,88,0.22,68.77,30.861529051466096,61.49,3,0,3,15,0,27.64,0.859625,0.1936,80.0,7.5,2,0
2026-01-07 16:00:00,SEG_005,city_road,50,368,0.94,10.0,0.0,3588.94,4,0,1,16,0,39.83,0.2,3.4592,10.0,10.0,2,0
2026-01-07 17:00:00,SEG_017,highway,80,339,0.8,14.78,30.861529051466096,61.49,6,1,2,17,1,71.74,0.18475,2.712,80.0,45.0,2,0
2026-01-07 18:00:00,SEG_017,highway,80,68,0.23,63.53,0.0,3588.94,4,0,0,18,1,16.66,0.794125,0.1564,10.0,10.0,2,0
2026-01-07 19:00:00,SEG_017,highway,80,93,0.19,62.86,0.0,3588.94,3,0,1,19,1,18.26,0.78575,0.17670000000000002,10.0,7.5,2,0
2026-01-07 20:00:00,SEG_002,city_road,50,211,0.49,16.62,30.861529051466096,61.49,2,0,0,20,1,26.85,0.33240000000000003,1.0338999999999998,80.0,5.0,2,0
2026-01-07 21:00:00,SEG_002,city_road,50,280,0.7,19.64,0.0,3588.94,5,0,4,21,0,44.03,0.39280000000000004,1.9599999999999997,10.0,12.5,2,0
2026-01-07 22:00:00,SEG_005,expressway,100,375,0.99,10.0,30.861529051466096,61.49,3,1,4,22,0,72.33,0.1,3.7125,80.0,37.5,2,0
2026-01-07 23:00:00,SEG_001,highway,80,89,0.28,61.32,30.861529051466096,61.49,3,1,3,23,0,46.97,0.7665,0.24920000000000003,80.0,37.5,2,0
2026-01-08 00:00:00,SEG_001,city_road,50,109,0.27,30.18,0.0,3588.94,2,0,1,0,0,17.15,0.6036,0.29430000000000006,10.0,5.0,3,0
2026-01-08 01:00:00,SEG_019,city_road,50,279,0.74,10.0,0.0,3588.94,3,0,4,1,0,42.27,0.2,2.0646,10.0,7.5,3,0
2026-01-08 02:00:00,SEG_002,expressway,100,145,0.28,76.31,0.0,3588.94,6,0,1,2,0,29.49,0.7631,0.406,10.0,15.0,3,0
2026-01-08 03:00:00,SEG_012,city_road,50,250,0.59,22.2,30.861529051466096,61.49,1,1,5,3,0,58.44,0.444,1.4749999999999999,80.0,32.5,3,0
2026-01-08 04:00:00,SEG_006,city_road,50,314,0.75,10.31,30.861529051466096,61.49,2,1,0,4,0,53.71,0.20620000000000002,2.355,80.0,35.0,3,0
2026-01-08 05:00:00,SEG_004,expressway,100,148,0.43,58.78,0.0,3588.94,2,0,3,5,0,25.4,0.5878,0.6364,10.0,5.0,3,0
2026-01-08 06:00:00,SEG_011,city_road,50,299,0.78,10.0,0.0,3588.94,2,0,0,6,0,29.28,0.2,2.3322000000000003,10.0,5.0,3,0
2026-01-08 07:00:00,SEG_017,highway,80,332,0.84,13.35,0.0,3588.94,7,0,4,7,0,55.14,0.166875,2.7887999999999997,10.0,17.5,3,0
2026-01-08 08:00:00,SEG_006,highway,80,119,0.31,55.84,30.861529051466096,61.49,1,1,1,8,1,36.07,0.6980000000000001,0.3689,80.0,32.5,3,0
2026-01-08 09:00:00,SEG_005,expressway,100,345,0.94,10.0,0.0,3588.94,3,0,2,9,1,45.17,0.1,3.243,10.0,7.5,3,0
2026-01-08 10:00:00,SEG_002,highway,80,316,0.78,13.42,0.0,3588.94,8,0,2,10,1,49.62,0.16775,2.4648000000000003,10.0,20.0,3,0
2026-01-08 11:00:00,SEG_006,expressway,100,201,0.44,56.35,0.0,3588.94,1,0,2,11,1,26.68,0.5635,0.8844,10.0,2.5,3,0
2026-01-08 12:00:00,SEG_011,city_road,50,193,0.54,22.73,30.861529051466096,61.49,2,1,1,12,0,45.38,0.4546,1.0422,80.0,35.0,3,0
2026-01-08 13:00:00,SEG_016,rural,40,335,0.85,10.0,0.0,3588.94,4,0,2,13,0,44.25,0.25,2.8475,10.0,10.0,3,0
2026-01-08 14:00:00,SEG_016,expressway,100,383,1.0,10.0,0.0,3588.94,1,0,3,14,0,45.81,0.1,3.83,10.0,2.5,3,0
2026-01-08 15:00:00,SEG_001,rural,40,207,0.52,19.26,0.0,3588.94,4,0,1,15,0,23.66,0.48150000000000004,1.0764,10.0,10.0,3,0
2026-01-08 16:00:00,SEG_009,city_road,50,76,0.15,40.18,0.0,3588.94,4,0,2,16,0,15.86,0.8036,0.11399999999999999,10.0,10.0,3,0
2026-01-08 17:00:00,SEG_006,expressway,100,50,0.15,79.83,30.861529051466096,61.49,4,0,4,17,1,34.39,0.7983,0.075,80.0,10.0,3,0
2026-01-08 18:00:00,SEG_016,city_road,50,103,0.26,37.22,30.861529051466096,61.49,2,0,2,18,1,22.76,0.7444,0.26780000000000004,80.0,5.0,3,0
2026-01-08 19:00:00,SEG_003,city_road,50,171,0.44,36.04,0.0,3588.94,5,0,1,19,1,28.18,0.7208,0.7524,10.0,12.5,3,0
2026-01-08 20:00:00,SEG_004,city_road,50,55,0.22,37.17,0.0,3588.94,3,0,0,20,1,7.33,0.7434000000000001,0.12100000000000001,10.0,7.5,3,0
2026-01-08 21:00:00,SEG_019,expressway,100,232,0.53,54.49,0.0,3588.94,3,0,2,21,0,30.24,0.5449,1.2296,10.0,7.5,3,0
2026-01-08 22:00:00,SEG_003,rural,40,383,0.97,11.77,0.0,3588.94,3,0,2,22,0,39.79,0.29425,3.7151,10.0,7.5,3,0
2026-01-08 23:00:00,SEG_019,expressway,100,125,0.27,68.23,30.861529051466096,61.49,2,1,2,23,0,40.35,0.6823,0.3375,80.0,35.0,3,0
2026-01-09 00:00:00,SEG_007,city_road,50,361,0.77,11.55,0.0,3588.94,3,0,2,0,0,37.64,0.231,2.7797,10.0,7.5,4,0
2026-01-09 01:00:00,SEG_009,city_road,50,239,0.6,30.52,0.0,3588.94,0,0,0,1,0,21.37,0.6103999999999999,1.434,10.0,0.0,4,0
2026-01-09 02:00:00,SEG_001,expressway,100,182,0.46,53.39,0.0,3588.94,1,0,3,2,0,26.34,0.5339,0.8372,10.0,2.5,4,0
2026-01-09 03:00:00,SEG_008,highway,80,239,0.63,29.78,0.0,3588.94,1,0,1,3,0,23.34,0.37225,1.5057,10.0,2.5,4,0
2026-01-09 04:00:00,SEG_007,highway,80,289,0.71,14.85,0.0,3588.94,3,0,3,4,0,36.2,0.18562499999999998,2.0519,10.0,7.5,4,0
2026-01-09 05:00:00,SEG_018,city_road,50,139,0.27,33.84,0.0,3588.94,5,0,5,5,0,29.61,0.6768000000000001,0.3753,10.0,12.5,4,0
2026-01-09 06:00:00,SEG_008,highway,80,355,0.85,14.78,0.0,3588.94,1,0,4,6,0,44.37,0.18475,3.0174999999999996,10.0,2.5,4,0
2026-01-09 07:00:00,SEG_001,highway,80,201,0.57,46.55,30.861529051466096,61.49,7,0,2,7,0,48.15,0.5818749999999999,1.1456999999999997,80.0,17.5,4,0
2026-01-09 08:00:00,SEG_011,highway,80,125,0.27,57.42,0.0,3588.94,3,0,2,8,1,23.46,0.71775,0.3375,10.0,7.5,4,0
2026-01-09 09:00:00,SEG_018,highway,80,236,0.67,18.09,0.0,3588.94,2,0,5,9,1,40.95,0.226125,1.5812,10.0,5.0,4,0
2026-01-09 10:00:00,SEG_010,highway,80,224,0.61,24.17,30.861529051466096,61.49,6,0,0,10,1,35.86,0.30212500000000003,1.3664,80.0,15.0,4,0
2026-01-09 11:00:00,SEG_003,rural,40,89,0.21,31.42,0.0,3588.94,5,0,2,11,1,22.4,0.7855000000000001,0.18689999999999998,10.0,12.5,4,0
2026-01-09 12:00:00,SEG_007,city_road,50,63,0.12,49.89,30.861529051466096,61.49,4,1,4,12,0,46.95,0.9978,0.0756,80.0,40.0,4,0
2026-01-09 13:00:00,SEG_016,city_road,50,348,0.92,10.0,0.0,3588.94,3,0,6,13,0,49.71,0.2,3.2016,10.0,7.5,4,0
2026-01-09 14:00:00,SEG_016,city_road,50,320,0.79,12.8,0.0,3588.94,1,0,0,14,0,26.44,0.256,2.5280000000000005,10.0,2.5,4,0
2026-01-09 15:00:00,SEG_017,highway,80,247,0.54,43.35,0.0,3588.94,4,0,2,15,0,34.25,0.541875,1.3338,10.0,10.0,4,0
2026-01-09 16:00:00,SEG_002,rural,40,203,0.54,14.8,0.0,3588.94,1,0,1,16,0,24.2,0.37,1.0962,10.0,2.5,4,0
2026-01-09 17:00:00,SEG_001,expressway,100,126,0.34,66.1,0.0,3588.94,1,0,1,17,1,20.3,0.6609999999999999,0.42840000000000006,10.0,2.5,4,0
2026-01-09 18:00:00,SEG_016,highway,80,103,0.31,52.6,30.861529051466096,61.49,5,0,3,18,1,42.73,0.6575,0.31930000000000003,80.0,12.5,4,0
2026-01-09 19:00:00,SEG_012,city_road,50,357,0.91,10.0,0.0,3588.94,2,0,3,19,1,40.34,0.2,3.2487,10.0,5.0,4,0
2026-01-09 20:00:00,SEG_005,expressway,100,269,0.65,29.97,0.0,3588.94,4,0,4,20,1,41.49,0.29969999999999997,1.7485,10.0,10.0,4,0
2026-01-09 21:00:00,SEG_005,rural,40,382,1.0,10.0,0.0,3588.94,6,0,2,21,0,53.37,0.25,3.82,10.0,15.0,4,0
2026-01-09 22:00:00,SEG_009,city_road,50,40,0.17,41.36,0.0,3588.94,3,0,4,22,0,25.04,0.8271999999999999,0.068,10.0,7.5,4,0
2026-01-09 23:00:00,SEG_009,city_road,50,215,0.55,20.64,0.0,3588.94,1,0,4,23,0,36.3,0.4128,1.1825,10.0,2.5,4,0
2026-01-10 00:00:00,SEG_003,highway,80,197,0.5,39.19,0.0,3588.94,3,0,4,0,0,37.69,0.48987499999999995,0.985,10.0,7.5,5,1
2026-01-10 01:00:00,SEG_019,rural,40,26,-0.0,42.03,30.861529051466096,61.49,2,1,3,1,0,39.13,1.05075,-0.0,80.0,35.0,5,1
2026-01-10 02:00:00,SEG_016,highway,80,89,0.19,70.99,30.861529051466096,61.49,4,0,3,2,0,31.55,0.8873749999999999,0.1691,80.0,10.0,5,1
2026-01-10 03:00:00,SEG_016,rural,40,146,0.4,30.56,0.0,3588.94,2,0,3,3,0,25.11,0.764,0.584,10.0,5.0,5,1
2026-01-10 04:00:00,SEG_003,city_road,50,179,0.42,32.81,0.0,3588.94,5,0,1,4,0,33.55,0.6562,0.7518,10.0,12.5,5,1
2026-01-10 05:00:00,SEG_001,city_road,50,267,0.59,14.2,30.861529051466096,61.49,3,0,1,5,0,37.83,0.284,1.5753,80.0,7.5,5,1
2026-01-10 06:00:00,SEG_011,city_road,50,222,0.73,11.7,30.861529051466096,61.49,4,1,3,6,0,64.54,0.23399999999999999,1.6206,80.0,40.0,5,1
2026-01-10 07:00:00,SEG_017,highway,80,167,0.34,51.43,0.0,3588.94,3,0,6,7,0,29.68,0.642875,0.5678,10.0,7.5,5,1
2026-01-10 08:00:00,SEG_008,highway,80,162,0.52,35.11,30.861529051466096,61.49,3,0,0,8,1,32.39,0.438875,0.8424,80.0,7.5,5,1
2026-01-10 09:00:00,SEG_004,highway,80,218,0.53,39.31,0.0,3588.94,0,0,2,9,1,27.56,0.491375,1.1554000000000002,10.0,0.0,5,1
2026-01-10 10:00:00,SEG_006,highway,80,173,0.43,37.63,30.861529051466096,61.49,3,1,2,10,1,48.26,0.47037500000000004,0.7439,80.0,37.5,5,1
2026-01-10 11:00:00,SEG_008,expressway,100,395,0.95,13.47,0.0,3588.94,0,0,0,11,1,32.85,0.13470000000000001,3.7525,10.0,0.0,5,1
2026-01-10 12:00:00,SEG_003,city_road,50,161,0.44,33.98,0.0,3588.94,3,0,7,12,0,37.15,0.6796,0.7084,10.0,7.5,5,1
2026-01-10 13:00:00,SEG_016,highway,80,332,0.76,21.59,30.861529051466096,61.49,5,0,3,13,0,54.73,0.269875,2.5232,80.0,12.5,5,1
2026-01-10 14:00:00,SEG_003,rural,40,184,0.37,24.89,0.0,3588.94,2,0,4,14,0,28.17,0.62225,0.6808000000000001,10.0,5.0,5,1
2026-01-10 15:00:00,SEG_018,expressway,100,333,0.91,15.14,0.0,3588.94,0,0,6,15,0,45.67,0.1514,3.0303,10.0,0.0,5,1
2026-01-10 16:00:00,SEG_014,rural,40,40,0.06,41.05,0.0,3588.94,5,0,2,16,0,16.57,1.0262499999999999,0.024,10.0,12.5,5,1
2026-01-10 17:00:00,SEG_018,rural,40,101,0.29,33.93,30.861529051466096,61.49,3,1,1,17,1,38.55,0.84825,0.2929,80.0,37.5,5,1
2026-01-10 18:00:00,SEG_002,highway,80,88,0.17,66.1,30.861529051466096,61.49,2,1,2,18,1,36.35,0.8262499999999999,0.1496,80.0,35.0,5,1
2026-01-10 19:00:00,SEG_003,city_road,50,150,0.41,38.45,30.861529051466096,61.49,3,0,0,19,1,25.67,0.769,0.615,80.0,7.5,5,1
2026-01-10 20:00:00,SEG_016,expressway,100,106,0.35,70.83,0.0,3588.94,2,0,1,20,1,14.62,0.7082999999999999,0.371,10.0,5.0,5,1
2026-01-10 21:00:00,SEG_009,city_road,50,237,0.57,24.05,30.861529051466096,61.49,3,1,1,21,0,54.64,0.48100000000000004,1.3509,80.0,37.5,5,1
2026-01-10 22:00:00,SEG_004,highway,80,324,0.71,29.48,0.0,3588.94,4,0,5,22,0,48.93,0.3685,2.3004000000000002,10.0,10.0,5,1
2026-01-10 23:00:00,SEG_001,expressway,100,390,1.0,10.0,0.0,3588.94,1,0,2,23,0,43.43,0.1,3.9,10.0,2.5,5,1
2026-01-11 00:00:00,SEG_004,highway,80,364,0.96,10.0,30.861529051466096,61.49,3,1,2,0,0,72.23,0.125,3.4944,80.0,37.5,6,1
2026-01-11 01:00:00,SEG_001,highway,80,360,0.88,11.21,0.0,3588.94,2,0,4,1,0,48.95,0.140125,3.168,10.0,5.0,6,1
2026-01-11 02:00:00,SEG_014,city_road,50,180,0.44,27.71,0.0,3588.94,2,0,1,2,0,20.03,0.5542,0.792,10.0,5.0,6,1
2026-01-11 03:00:00,SEG_016,city_road,50,197,0.44,27.01,0.0,3588.94,0,0,4,3,0,30.92,0.5402,0.8668,10.0,0.0,6,1
2026-01-11 04:00:00,SEG_008,city_road,50,136,0.41,35.58,0.0,3588.94,3,0,0,4,0,23.27,0.7116,0.5576,10.0,7.5,6,1
2026-01-11 05:00:00,SEG_007,highway,80,215,0.51,40.04,30.861529051466096,61.49,3,1,5,5,0,58.21,0.5005,1.0965,80.0,37.5,6,1
2026-01-11 06:00:00,SEG_003,expressway,100,346,0.79,22.32,0.0,3588.94,2,0,0,6,0,34.36,0.2232,2.7334,10.0,5.0,6,1
2026-01-11 07:00:00,SEG_017,highway,80,105,0.27,56.76,30.861529051466096,61.49,1,0,0,7,0,17.76,0.7095,0.28350000000000003,80.0,2.5,6,1
2026-01-11 08:00:00,SEG_001,highway,80,308,0.73,26.01,0.0,3588.94,3,0,2,8,1,40.54,0.325125,2.2484,10.0,7.5,6,1
2026-01-11 09:00:00,SEG_016,expressway,100,100,0.2,83.51,0.0,3588.94,4,0,2,9,1,19.99,0.8351000000000001,0.2,10.0,10.0,6,1
2026-01-11 10:00:00,SEG_012,rural,40,171,0.41,27.97,0.0,3588.94,4,0,0,10,1,20.75,0.6992499999999999,0.7011,10.0,10.0,6,1
2026-01-11 11:00:00,SEG_019,expressway,100,80,0.2,77.51,30.861529051466096,61.49,5,0,2,11,1,29.42,0.7751,0.16000000000000003,80.0,12.5,6,1
2026-01-11 12:00:00,SEG_014,expressway,100,80,0.13,93.52,0.0,3588.94,5,0,5,12,0,26.63,0.9351999999999999,0.10400000000000001,10.0,12.5,6,1
2026-01-11 13:00:00,SEG_006,city_road,50,373,1.0,10.0,30.861529051466096,61.49,2,1,2,13,0,63.27,0.2,3.73,80.0,35.0,6,1
2026-01-11 14:00:00,SEG_006,city_road,50,47,0.15,46.71,0.0,3588.94,3,0,4,14,0,15.75,0.9342,0.0705,10.0,7.5,6,1
2026-01-11 15:00:00,SEG_013,highway,80,62,0.14,64.75,0.0,3588.94,3,0,1,15,0,10.74,0.809375,0.0868,10.0,7.5,6,1
2026-01-11 16:00:00,SEG_019,city_road,50,188,0.42,24.99,0.0,3588.94,2,0,2,16,0,32.59,0.49979999999999997,0.7896,10.0,5.0,6,1
2026-01-11 17:00:00,SEG_008,city_road,50,105,0.26,35.12,30.861529051466096,61.49,2,1,0,17,1,37.25,0.7023999999999999,0.273,80.0,35.0,6,1
2026-01-11 18:00:00,SEG_002,highway,80,196,0.53,34.78,30.861529051466096,61.49,4,1,1,18,1,57.86,0.43475,1.0388,80.0,40.0,6,1
2026-01-11 19:00:00,SEG_001,expressway,100,36,0.13,86.64,0.0,3588.94,1,0,1,19,1,8.6,0.8664000000000001,0.0468,10.0,2.5,6,1
2026-01-11 20:00:00,SEG_015,city_road,50,117,0.35,35.66,0.0,3588.94,6,0,0,20,1,22.85,0.7132,0.4095,10.0,15.0,6,1
2026-01-11 21:00:00,SEG_001,highway,80,217,0.52,39.85,0.0,3588.94,1,0,0,21,0,25.35,0.49812500000000004,1.1284,10.0,2.5,6,1
2026-01-11 22:00:00,SEG_005,highway,80,117,0.15,69.01,30.861529051466096,61.49,4,1,3,22,0,46.09,0.8626250000000001,0.1755,80.0,40.0,6,1
2026-01-11 23:00:00,SEG_016,city_road,50,84,0.27,35.29,0.0,3588.94,2,0,2,23,0,16.58,0.7058,0.2268,10.0,5.0,6,1
2026-01-12 00:00:00,SEG_019,highway,80,349,0.86,10.83,30.861529051466096,61.49,4,0,1,0,0,50.71,0.135375,3.0014000000000003,80.0,10.0,0,0
2026-01-12 01:00:00,SEG_004,expressway,100,360,0.93,10.98,30.861529051466096,61.49,3,0,4,1,0,62.02,0.10980000000000001,3.3480000000000003,80.0,7.5,0,0
2026-01-12 02:00:00,SEG_003,city_road,50,24,0.14,32.94,0.0,3588.94,5,0,2,2,0,16.62,0.6587999999999999,0.033600000000000005,10.0,12.5,0,0
2026-01-12 03:00:00,SEG_017,city_road,50,21,0.17,41.44,30.861529051466096,61.49,5,1,4,3,0,52.06,0.8288,0.0357,80.0,42.5,0,0
2026-01-12 04:00:00,SEG_017,city_road,50,41,0.07,47.94,0.0,3588.94,1,0,1,4,0,3.36,0.9588,0.0287,10.0,2.5,0,0
2026-01-12 05:00:00,SEG_012,expressway,100,131,0.33,70.92,0.0,3588.94,4,0,3,5,0,32.14,0.7092,0.4323,10.0,10.0,0,0
2026-01-12 06:00:00,SEG_014,city_road,50,76,0.26,31.95,0.0,3588.94,2,0,0,6,0,13.79,0.639,0.1976,10.0,5.0,0,0
2026-01-12 07:00:00,SEG_006,city_road,50,85,0.17,36.19,0.0,3588.94,3,0,2,7,0,19.84,0.7238,0.14450000000000002,10.0,7.5,0,0
2026-01-12 08:00:00,SEG_003,city_road,50,349,0.84,10.92,30.861529051466096,61.49,1,0,3,8,1,47.46,0.2184,2.9316,80.0,2.5,0,0
2026-01-12 09:00:00,SEG_009,highway,80,117,0.26,49.68,0.0,3588.94,4,0,0,9,1,11.76,0.621,0.30419999999999997,10.0,10.0,0,0
2026-01-12 10:00:00,SEG_005,expressway,100,163,0.41,65.66,0.0,3588.94,3,0,4,10,1,31.03,0.6566,0.6682999999999999,10.0,7.5,0,0
2026-01-12 11:00:00,SEG_017,expressway,100,387,0.96,10.0,0.0,3588.94,4,0,3,11,1,53.39,0.1,3.7152,10.0,10.0,0,0
2026-01-12 12:00:00,SEG_014,city_road,50,144,0.33,41.29,0.0,3588.94,4,0,4,12,0,37.53,0.8258,0.4752,10.0,10.0,0,0
2026-01-12 13:00:00,SEG_003,expressway,100,186,0.42,52.56,0.0,3588.94,4,0,0,13,0,23.55,0.5256000000000001,0.7812,10.0,10.0,0,0
2026-01-12 14:00:00,SEG_001,expressway,100,105,0.3,67.82,0.0,3588.94,3,0,0,14,0,14.44,0.6781999999999999,0.315,10.0,7.5,0,0
2026-01-12 15:00:00,SEG_001,expressway,100,95,0.3,57.96,0.0,3588.94,1,0,3,15,0,23.11,0.5796,0.285,10.0,2.5,0,0
2026-01-12 16:00:00,SEG_003,expressway,100,363,0.98,10.0,30.861529051466096,61.49,5,0,4,16,0,66.54,0.1,3.5574,80.0,12.5,0,0
2026-01-12 17:00:00,SEG_018,city_road,50,313,0.76,11.08,30.861529051466096,61.49,5,0,1,17,1,47.71,0.2216,2.3788,80.0,12.5,0,0
2026-01-12 18:00:00,SEG_010,city_road,50,78,0.24,28.19,0.0,3588.94,4,0,4,18,1,28.61,0.5638000000000001,0.1872,10.0,10.0,0,0
2026-01-12 19:00:00,SEG_003,city_road,50,157,0.4,28.03,30.861529051466096,61.49,5,1,2,19,1,53.36,0.5606,0.6280000000000001,80.0,42.5,0,0
2026-01-12 20:00:00,SEG_008,expressway,100,118,0.27,63.06,0.0,3588.94,3,0,1,20,1,18.58,0.6306,0.3186,10.0,7.5,0,0
2026-01-12 21:00:00,SEG_014,highway,80,211,0.56,33.91,0.0,3588.94,2,0,2,21,0,30.49,0.42387499999999995,1.1816,10.0,5.0,0,0
2026-01-12 22:00:00,SEG_018,expressway,100,262,0.62,43.74,0.0,3588.94,5,0,1,22,0,40.18,0.4374,1.6244,10.0,12.5,0,0
2026-01-12 23:00:00,SEG_015,expressway,100,338,0.83,16.83,0.0,3588.94,6,0,2,23,0,40.95,0.16829999999999998,2.8053999999999997,10.0,15.0,0,0
2026-01-13 00:00:00,SEG_002,highway,80,68,0.1,80.29,0.0,3588.94,3,0,3,0,0,17.78,1.003625,0.068,10.0,7.5,1,0
2026-01-13 01:00:00,SEG_010,expressway,100,51,0.1,93.93,30.861529051466096,61.49,0,1,1,1,0,26.42,0.9393,0.051000000000000004,80.0,30.0,1,0
2026-01-13 02:00:00,SEG_002,highway,80,296,0.75,26.74,0.0,3588.94,3,0,2,2,0,41.79,0.33425,2.2199999999999998,10.0,7.5,1,0
2026-01-13 03:00:00,SEG_017,city_road,50,39,0.18,37.18,30.861529051466096,61.49,1,1,4,3,0,42.59,0.7436,0.0702,80.0,32.5,1,0
2026-01-13 04:00:00,SEG_008,expressway,100,173,0.41,55.05,0.0,3588.94,0,0,0,4,0,16.03,0.5505,0.7092999999999999,10.0,0.0,1,0
2026-01-13 05:00:00,SEG_001,highway,80,87,0.17,68.13,30.861529051466096,61.49,1,1,4,5,0,46.95,0.851625,0.1479,80.0,32.5,1,0
2026-01-13 06:00:00,SEG_009,expressway,100,385,1.0,10.0,0.0,3588.94,4,0,2,6,0,45.76,0.1,3.85,10.0,10.0,1,0
2026-01-13 07:00:00,SEG_011,expressway,100,391,0.95,10.0,0.0,3588.94,2,0,0,7,0,35.67,0.1,3.7145,10.0,5.0,1,0
2026-01-13 08:00:00,SEG_016,city_road,50,233,0.5,23.38,0.0,3588.94,8,0,1,8,1,39.47,0.46759999999999996,1.165,10.0,20.0,1,0
2026-01-13 09:00:00,SEG_007,highway,80,162,0.41,53.85,0.0,3588.94,7,0,1,9,1,27.99,0.673125,0.6642,10.0,17.5,1,0
2026-01-13 10:00:00,SEG_010,highway,80,395,0.97,10.0,0.0,3588.94,3,0,1,10,1,41.47,0.125,3.8315,10.0,7.5,1,0
2026-01-13 11:00:00,SEG_003,city_road,50,251,0.74,18.48,30.861529051466096,61.49,3,1,3,11,1,58.81,0.3696,1.8573999999999997,80.0,37.5,1,0
2026-01-13 12:00:00,SEG_018,rural,40,232,0.6,12.23,0.0,3588.94,3,0,1,12,0,34.09,0.30575,1.392,10.0,7.5,1,0
2026-01-13 13:00:00,SEG_013,city_road,50,98,0.24,43.24,30.861529051466096,61.49,0,0,1,13,0,17.37,0.8648,0.2352,80.0,0.0,1,0
2026-01-13 14:00:00,SEG_007,highway,80,233,0.54,44.02,0.0,3588.94,3,0,4,14,0,37.95,0.55025,1.2582000000000002,10.0,7.5,1,0
2026-01-13 15:00:00,SEG_004,city_road,50,135,0.35,32.31,30.861529051466096,61.49,3,0,1,15,0,30.99,0.6462,0.4725,80.0,7.5,1,0
2026-01-13 16:00:00,SEG_013,city_road,50,111,0.35,28.8,0.0,3588.94,4,0,2,16,0,23.84,0.5760000000000001,0.3885,10.0,10.0,1,0
2026-01-13 17:00:00,SEG_001,expressway,100,289,0.74,22.39,0.0,3588.94,1,0,2,17,1,28.19,0.22390000000000002,2.1386000000000003,10.0,2.5,1,0
2026-01-13 18:00:00,SEG_008,highway,80,187,0.43,51.8,30.861529051466096,61.49,3,0,0,18,1,28.11,0.6475,0.8041,80.0,7.5,1,0
2026-01-13 19:00:00,SEG_014,expressway,100,77,0.22,91.42,0.0,3588.94,4,0,1,19,1,17.99,0.9142,0.1694,10.0,10.0,1,0
2026-01-13 20:00:00,SEG_016,city_road,50,303,0.76,10.0,0.0,3588.94,4,0,3,20,1,43.42,0.2,2.3028,10.0,10.0,1,0
2026-01-13 21:00:00,SEG_014,rural,40,45,0.13,29.51,0.0,3588.94,2,0,3,21,0,17.39,0.73775,0.0585,10.0,5.0,1,0
2026-01-13 22:00:00,SEG_012,city_road,50,388,0.95,10.0,0.0,3588.94,5,0,1,22,0,44.75,0.2,3.686,10.0,12.5,1,0
2026-01-13 23:00:00,SEG_019,city_road,50,85,0.19,36.73,0.0,3588.94,2,0,1,23,0,12.04,0.7345999999999999,0.1615,10.0,5.0,1,0
2026-01-14 00:00:00,SEG_015,rural,40,267,0.65,19.09,30.861529051466096,61.49,4,1,0,0,0,54.36,0.47725,1.7355,80.0,40.0,2,0
2026-01-14 01:00:00,SEG_002,highway,80,273,0.73,23.93,0.0,3588.94,3,0,0,1,0,29.08,0.299125,1.9929,10.0,7.5,2,0
2026-01-14 02:00:00,SEG_002,rural,40,63,0.14,34.28,0.0,3588.94,3,0,2,2,0,16.61,0.857,0.08820000000000001,10.0,7.5,2,0
2026-01-14 03:00:00,SEG_019,city_road,50,116,0.27,38.71,0.0,3588.94,2,0,8,3,0,26.76,0.7742,0.3132,10.0,5.0,2,0
2026-01-14 04:00:00,SEG_017,highway,80,61,0.11,73.1,0.0,3588.94,2,0,2,4,0,14.74,0.91375,0.06709999999999999,10.0,5.0,2,0
2026-01-14 05:00:00,SEG_010,city_road,50,246,0.64,17.1,0.0,3588.94,1,0,4,5,0,39.73,0.342,1.5744,10.0,2.5,2,0
2026-01-14 06:00:00,SEG_006,expressway,100,281,0.72,19.22,30.861529051466096,61.49,3,0,2,6,0,48.36,0.19219999999999998,2.0232,80.0,7.5,2,0
2026-01-14 07:00:00,SEG_015,highway,80,186,0.44,45.69,0.0,3588.94,5,0,2,7,0,35.27,0.571125,0.8184,10.0,12.5,2,0
2026-01-14 08:00:00,SEG_011,city_road,50,298,0.71,22.37,30.861529051466096,61.49,1,0,3,8,1,42.56,0.4474,2.1157999999999997,80.0,2.5,2,0
2026-01-14 09:00:00,SEG_005,city_road,50,108,0.36,23.96,0.0,3588.94,2,0,3,9,1,24.85,0.4792,0.38880000000000003,10.0,5.0,2,0
2026-01-14 10:00:00,SEG_001,city_road,50,398,0.9,10.0,0.0,3588.94,3,0,2,10,1,39.69,0.2,3.582,10.0,7.5,2,0
2026-01-14 11:00:00,SEG_008,highway,80,197,0.52,40.53,0.0,3588.94,2,0,3,11,1,30.17,0.506625,1.0244,10.0,5.0,2,0
2026-01-14 12:00:00,SEG_012,expressway,100,216,0.6,40.19,0.0,3588.94,3,0,1,12,0,29.08,0.4019,1.296,10.0,7.5,2,0
2026-01-14 13:00:00,SEG_012,rural,40,326,0.65,16.06,0.0,3588.94,4,0,6,13,0,43.9,0.40149999999999997,2.1189999999999998,10.0,10.0,2,0
2026-01-14 14:00:00,SEG_005,rural,40,286,0.75,10.0,0.0,3588.94,1,0,2,14,0,32.38,0.25,2.145,10.0,2.5,2,0
2026-01-14 15:00:00,SEG_007,expressway,100,287,0.71,34.81,30.861529051466096,61.49,1,1,4,15,0,56.47,0.3481,2.0377,80.0,32.5,2,0
2026-01-14 16:00:00,SEG_004,highway,80,93,0.25,60.23,0.0,3588.94,3,0,3,16,0,19.72,0.752875,0.2325,10.0,7.5,2,0
2026-01-14 17:00:00,SEG_006,expressway,100,27,0.05,98.48,30.861529051466096,61.49,3,1,1,17,1,33.6,0.9848,0.013500000000000002,80.0,37.5,2,0
2026-01-14 18:00:00,SEG_013,highway,80,316,0.84,14.4,0.0,3588.94,3,0,1,18,1,38.65,0.18,2.6544,10.0,7.5,2,0
2026-01-14 19:00:00,SEG_015,highway,80,183,0.48,42.48,30.861529051466096,61.49,2,1,0,19,1,44.96,0.5309999999999999,0.8784,80.0,35.0,2,0
2026-01-14 20:00:00,SEG_003,city_road,50,104,0.27,39.63,30.861529051466096,61.49,1,1,0,20,1,33.39,0.7926000000000001,0.28080000000000005,80.0,32.5,2,0
2026-01-14 21:00:00,SEG_008,city_road,50,91,0.18,41.93,0.0,3588.94,3,0,3,21,0,21.33,0.8386,0.1638,10.0,7.5,2,0
2026-01-14 22:00:00,SEG_016,expressway,100,74,0.28,66.05,30.861529051466096,61.49,5,1,2,22,0,52.27,0.6605,0.20720000000000002,80.0,42.5,2,0
2026-01-14 23:00:00,SEG_013,city_road,50,66,0.17,46.94,0.0,3588.94,0,0,4,23,0,17.79,0.9388,0.11220000000000001,10.0,0.0,2,0
2026-01-15 00:00:00,SEG_018,city_road,50,257,0.76,16.09,30.861529051466096,61.49,8,1,5,0,0,77.42,0.3218,1.9531999999999998,80.0,50.0,3,0
2026-01-15 01:00:00,SEG_010,highway,80,123,0.4,37.47,0.0,3588.94,4,0,2,1,0,24.43,0.468375,0.492,10.0,10.0,3,0
2026-01-15 02:00:00,SEG_019,rural,40,229,0.48,17.53,0.0,3588.94,1,0,0,2,0,21.19,0.43825000000000003,1.0992,10.0,2.5,3,0
2026-01-15 03:00:00,SEG_017,city_road,50,61,0.12,49.21,30.861529051466096,61.49,6,1,8,3,0,48.81,0.9842,0.0732,80.0,45.0,3,0
2026-01-15 04:00:00,SEG_019,city_road,50,335,0.79,10.0,0.0,3588.94,0,0,8,4,0,40.13,0.2,2.6465,10.0,0.0,3,0
2026-01-15 05:00:00,SEG_005,highway,80,287,0.72,27.12,0.0,3588.94,7,0,4,5,0,52.46,0.339,2.0664,10.0,17.5,3,0
2026-01-15 06:00:00,SEG_009,expressway,100,282,0.71,28.29,30.861529051466096,61.49,1,0,0,6,0,28.85,0.2829,2.0021999999999998,80.0,2.5,3,0
2026-01-15 07:00:00,SEG_012,city_road,50,355,0.9,11.7,0.0,3588.94,3,0,2,7,0,41.66,0.23399999999999999,3.195,10.0,7.5,3,0
2026-01-15 08:00:00,SEG_001,highway,80,384,1.0,10.0,0.0,3588.94,1,0,1,8,1,40.39,0.125,3.84,10.0,2.5,3,0
2026-01-15 09:00:00,SEG_001,highway,80,278,0.77,14.79,0.0,3588.94,1,0,0,9,1,27.8,0.18487499999999998,2.1406,10.0,2.5,3,0
2026-01-15 10:00:00,SEG_015,city_road,50,302,0.8,11.54,0.0,3588.94,2,0,1,10,1,32.05,0.23079999999999998,2.4160000000000004,10.0,5.0,3,0
2026-01-15 11:00:00,SEG_002,city_road,50,133,0.3,34.85,30.861529051466096,61.49,8,1,2,11,1,52.44,0.6970000000000001,0.399,80.0,50.0,3,0
2026-01-15 12:00:00,SEG_016,highway,80,382,0.92,10.0,0.0,3588.94,2,0,2,12,0,44.65,0.125,3.5144,10.0,5.0,3,0
2026-01-15 13:00:00,SEG_008,rural,40,59,0.15,45.09,0.0,3588.94,6,0,1,13,0,25.74,1.12725,0.0885,10.0,15.0,3,0
2026-01-15 14:00:00,SEG_013,highway,80,239,0.62,25.54,0.0,3588.94,3,0,0,14,0,28.12,0.31925,1.4818,10.0,7.5,3,0
2026-01-15 15:00:00,SEG_001,city_road,50,148,0.36,20.79,30.861529051466096,61.49,3,1,0,15,0,35.35,0.4158,0.5327999999999999,80.0,37.5,3,0
2026-01-15 16:00:00,SEG_016,rural,40,27,0.0,47.91,0.0,3588.94,5,0,4,16,0,23.7,1.1977499999999999,0.0,10.0,12.5,3,0
2026-01-15 17:00:00,SEG_007,city_road,50,120,0.33,30.58,0.0,3588.94,8,0,1,17,1,28.36,0.6115999999999999,0.396,10.0,20.0,3,0
2026-01-15 18:00:00,SEG_005,city_road,50,399,0.98,10.0,30.861529051466096,61.49,3,1,1,18,1,62.73,0.2,3.9102,80.0,37.5,3,0
2026-01-15 19:00:00,SEG_003,city_road,50,195,0.47,24.71,0.0,3588.94,2,0,2,19,1,24.05,0.49420000000000003,0.9165,10.0,5.0,3,0
2026-01-15 20:00:00,SEG_012,highway,80,126,0.31,52.35,0.0,3588.94,2,0,1,20,1,15.58,0.654375,0.3906,10.0,5.0,3,0
2026-01-15 21:00:00,SEG_016,rural,40,120,0.29,24.57,0.0,3588.94,3,0,2,21,0,17.92,0.61425,0.348,10.0,7.5,3,0
2026-01-15 22:00:00,SEG_019,city_road,50,279,0.68,11.02,0.0,3588.94,6,0,1,22,0,38.61,0.22039999999999998,1.8972000000000002,10.0,15.0,3,0
2026-01-15 23:00:00,SEG_005,expressway,100,385,0.9,10.32,0.0,3588.94,3,0,2,23,0,48.98,0.1032,3.4650000000000003,10.0,7.5,3,0
2026-01-16 00:00:00,SEG_014,highway,80,265,0.66,25.19,0.0,3588.94,4,0,4,0,0,39.8,0.314875,1.749,10.0,10.0,4,0
2026-01-16 01:00:00,SEG_005,highway,80,294,0.77,22.05,30.861529051466096,61.49,4,0,3,1,0,57.06,0.275625,2.2638,80.0,10.0,4,0
2026-01-16 02:00:00,SEG_015,highway,80,51,0.14,71.21,0.0,3588.94,3,0,1,2,0,14.52,0.8901249999999999,0.0714,10.0,7.5,4,0
2026-01-16 03:00:00,SEG_017,city_road,50,156,0.44,23.36,30.861529051466096,61.49,4,0,2,3,0,36.84,0.4672,0.6864,80.0,10.0,4,0
2026-01-16 04:00:00,SEG_014,city_road,50,31,0.04,48.54,0.0,3588.94,5,0,2,4,0,16.43,0.9708,0.0124,10.0,12.5,4,0
2026-01-16 05:00:00,SEG_005,expressway,100,321,0.74,23.91,30.861529051466096,61.49,6,1,0,5,0,58.2,0.2391,2.3754,80.0,45.0,4,0
2026-01-16 06:00:00,SEG_012,city_road,50,394,0.97,10.0,30.861529051466096,61.49,3,0,5,6,0,63.54,0.2,3.8217999999999996,80.0,7.5,4,0
2026-01-16 07:00:00,SEG_016,rural,40,35,0.06,41.05,0.0,3588.94,4,0,3,7,0,20.67,1.0262499999999999,0.020999999999999998,10.0,10.0,4,0
2026-01-16 08:00:00,SEG_016,highway,80,148,0.34,52.19,0.0,3588.94,6,0,3,8,1,25.62,0.6523749999999999,0.5032,10.0,15.0,4,0
2026-01-16 09:00:00,SEG_007,expressway,100,82,0.22,75.96,0.0,3588.94,2,0,4,9,1,31.33,0.7595999999999999,0.18039999999999998,10.0,5.0,4,0
2026-01-16 10:00:00,SEG_004,expressway,100,128,0.29,66.72,30.861529051466096,61.49,8,0,5,10,1,42.43,0.6672,0.3712,80.0,20.0,4,0
2026-01-16 11:00:00,SEG_001,expressway,100,394,0.92,10.0,30.861529051466096,61.49,3,1,1,11,1,62.35,0.1,3.6248,80.0,37.5,4,0
2026-01-16 12:00:00,SEG_005,expressway,100,40,0.07,102.94,0.0,3588.94,1,0,2,12,0,2.78,1.0293999999999999,0.028000000000000004,10.0,2.5,4,0
2026-01-16 13:00:00,SEG_010,expressway,100,177,0.46,55.67,0.0,3588.94,4,0,2,13,0,29.3,0.5567,0.8142,10.0,10.0,4,0
2026-01-16 14:00:00,SEG_005,city_road,50,288,0.75,10.0,0.0,3588.94,4,0,1,14,0,35.87,0.2,2.16,10.0,10.0,4,0
2026-01-16 15:00:00,SEG_004,highway,80,181,0.49,42.24,30.861529051466096,61.49,1,0,4,15,0,37.33,0.528,0.8869,80.0,2.5,4,0
2026-01-16 16:00:00,SEG_002,highway,80,279,0.72,27.71,0.0,3588.94,1,0,0,16,0,28.11,0.346375,2.0088,10.0,2.5,4,0
2026-01-16 17:00:00,SEG_010,rural,40,121,0.29,29.24,0.0,3588.94,5,0,5,17,1,34.42,0.731,0.3509,10.0,12.5,4,0
2026-01-16 18:00:00,SEG_019,city_road,50,242,0.63,25.37,0.0,3588.94,4,0,0,18,1,31.67,0.5074000000000001,1.5246,10.0,10.0,4,0
2026-01-16 19:00:00,SEG_001,expressway,100,78,0.19,73.29,0.0,3588.94,3,0,1,19,1,11.94,0.7329000000000001,0.1482,10.0,7.5,4,0
2026-01-16 20:00:00,SEG_005,city_road,50,266,0.67,10.0,30.861529051466096,61.49,2,1,2,20,1,56.4,0.2,1.7822000000000002,80.0,35.0,4,0
2026-01-16 21:00:00,SEG_013,highway,80,147,0.32,55.7,0.0,3588.94,1,0,1,21,0,14.3,0.69625,0.4704,10.0,2.5,4,0
2026-01-16 22:00:00,SEG_004,highway,80,302,0.76,20.58,0.0,3588.94,5,0,0,22,0,35.49,0.25725,2.2952,10.0,12.5,4,0
2026-01-16 23:00:00,SEG_016,city_road,50,344,0.88,10.0,0.0,3588.94,5,0,0,23,0,41.61,0.2,3.0272,10.0,12.5,4,0
2026-01-17 00:00:00,SEG_016,city_road,50,44,0.13,40.38,0.0,3588.94,2,0,0,0,0,7.04,0.8076000000000001,0.0572,10.0,5.0,5,1
2026-01-17 01:00:00,SEG_002,highway,80,150,0.31,50.16,0.0,3588.94,4,0,1,1,0,21.53,0.627,0.46499999999999997,10.0,10.0,5,1
2026-01-17 02:00:00,SEG_017,city_road,50,372,0.93,10.0,30.861529051466096,61.49,6,1,3,2,0,72.8,0.2,3.4596000000000005,80.0,45.0,5,1
2026-01-17 03:00:00,SEG_012,highway,80,215,0.47,37.34,30.861529051466096,61.49,2,0,5,3,0,46.45,0.46675000000000005,1.0105,80.0,5.0,5,1
2026-01-17 04:00:00,SEG_018,city_road,50,300,0.76,14.98,0.0,3588.94,4,0,1,4,0,39.79,0.29960000000000003,2.2800000000000002,10.0,10.0,5,1
2026-01-17 05:00:00,SEG_003,highway,80,173,0.4,42.91,0.0,3588.94,3,0,0,5,0,20.3,0.5363749999999999,0.6920000000000001,10.0,7.5,5,1
2026-01-17 06:00:00,SEG_001,expressway,100,152,0.47,48.08,30.861529051466096,61.49,4,1,0,6,0,46.44,0.4808,0.7143999999999999,80.0,40.0,5,1
2026-01-17 07:00:00,SEG_001,city_road,50,246,0.62,10.91,0.0,3588.94,5,0,3,7,0,40.39,0.2182,1.5252,10.0,12.5,5,1
2026-01-17 08:00:00,SEG_019,city_road,50,208,0.56,28.34,0.0,3588.94,0,0,3,8,1,31.82,0.5668,1.1648,10.0,0.0,5,1
2026-01-17 09:00:00,SEG_011,highway,80,284,0.82,16.57,30.861529051466096,61.49,4,0,3,9,1,55.39,0.207125,2.3287999999999998,80.0,10.0,5,1
2026-01-17 10:00:00,SEG_005,highway,80,391,0.94,10.0,30.861529051466096,61.49,1,0,1,10,1,48.89,0.125,3.6754,80.0,2.5,5,1
2026-01-17 11:00:00,SEG_012,city_road,50,153,0.4,25.09,30.861529051466096,61.49,1,0,0,11,1,22.69,0.5018,0.6120000000000001,80.0,2.5,5,1
2026-01-17 12:00:00,SEG_003,city_road,50,230,0.52,26.64,30.861529051466096,61.49,3,0,1,12,0,36.37,0.5328,1.196,80.0,7.5,5,1
2026-01-17 13:00:00,SEG_001,city_road,50,79,0.21,45.91,30.861529051466096,61.49,2,1,6,13,0,52.63,0.9181999999999999,0.1659,80.0,35.0,5,1
2026-01-17 14:00:00,SEG_001,highway,80,396,1.0,10.0,0.0,3588.94,1,0,2,14,0,40.22,0.125,3.96,10.0,2.5,5,1
2026-01-17 15:00:00,SEG_008,city_road,50,383,0.93,10.0,0.0,3588.94,2,0,3,15,0,42.58,0.2,3.5619,10.0,5.0,5,1
2026-01-17 16:00:00,SEG_010,expressway,100,383,0.91,10.0,0.0,3588.94,2,0,1,16,0,39.68,0.1,3.4853,10.0,5.0,5,1
2026-01-17 17:00:00,SEG_011,expressway,100,232,0.58,46.35,0.0,3588.94,4,0,2,17,1,30.6,0.4635,1.3456,10.0,10.0,5,1
2026-01-17 18:00:00,SEG_012,highway,80,235,0.69,23.32,0.0,3588.94,5,0,0,18,1,28.7,0.2915,1.6215,10.0,12.5,5,1
2026-01-17 19:00:00,SEG_013,city_road,50,245,0.65,17.84,0.0,3588.94,3,0,5,19,1,47.27,0.3568,1.5925000000000002,10.0,7.5,5,1
2026-01-17 20:00:00,SEG_012,highway,80,150,0.33,52.71,0.0,3588.94,3,0,1,20,1,24.6,0.658875,0.495,10.0,7.5,5,1
2026-01-17 21:00:00,SEG_014,highway,80,95,0.31,48.42,0.0,3588.94,1,0,3,21,0,18.31,0.6052500000000001,0.2945,10.0,2.5,5,1
2026-01-17 22:00:00,SEG_002,rural,40,305,0.68,14.62,0.0,3588.94,0,0,2,22,0,25.5,0.3655,2.074,10.0,0.0,5,1
2026-01-17 23:00:00,SEG_019,highway,80,296,0.85,13.13,0.0,3588.94,3,0,2,23,0,39.79,0.16412500000000002,2.516,10.0,7.5,5,1
2026-01-18 00:00:00,SEG_018,city_road,50,175,0.48,23.87,0.0,3588.94,7,0,1,0,0,37.56,0.47740000000000005,0.84,10.0,17.5,6,1
2026-01-18 01:00:00,SEG_003,city_road,50,267,0.76,14.36,30.861529051466096,61.49,1,0,2,1,0,41.08,0.2872,2.0292,80.0,2.5,6,1
2026-01-18 02:00:00,SEG_017,expressway,100,237,0.51,42.13,0.0,3588.94,8,0,0,2,0,33.13,0.4213,1.2087,10.0,20.0,6,1
2026-01-18 03:00:00,SEG_008,city_road,50,209,0.53,22.15,0.0,3588.94,4,0,2,3,0,33.52,0.44299999999999995,1.1077,10.0,10.0,6,1
2026-01-18 04:00:00,SEG_010,highway,80,182,0.45,44.13,30.861529051466096,61.49,5,0,1,4,0,36.99,0.551625,0.8190000000000001,80.0,12.5,6,1
2026-01-18 05:00:00,SEG_002,city_road,50,199,0.45,18.83,0.0,3588.94,3,0,0,5,0,26.23,0.3766,0.8955,10.0,7.5,6,1
2026-01-18 06:00:00,SEG_019,city_road,50,53,0.07,46.21,0.0,3588.94,4,0,6,6,0,23.29,0.9242,0.03710000000000001,10.0,10.0,6,1
2026-01-18 07:00:00,SEG_009,highway,80,60,0.18,69.27,0.0,3588.94,4,0,2,7,0,19.99,0.865875,0.108,10.0,10.0,6,1
2026-01-18 08:00:00,SEG_007,city_road,50,326,0.84,10.0,0.0,3588.94,3,0,4,8,1,48.1,0.2,2.7383999999999995,10.0,7.5,6,1
2026-01-18 09:00:00,SEG_004,highway,80,357,0.96,10.0,30.861529051466096,61.49,4,1,0,9,1,64.17,0.125,3.4271999999999996,80.0,40.0,6,1
2026-01-18 10:00:00,SEG_018,highway,80,333,0.81,18.01,0.0,3588.94,4,0,1,10,1,35.69,0.22512500000000002,2.6973000000000003,10.0,10.0,6,1
2026-01-18 11:00:00,SEG_013,city_road,50,94,0.23,36.56,0.0,3588.94,4,0,1,11,1,14.63,0.7312000000000001,0.2162,10.0,10.0,6,1
2026-01-18 12:00:00,SEG_011,highway,80,298,0.68,24.11,0.0,3588.94,3,0,2,12,0,31.32,0.301375,2.0264,10.0,7.5,6,1
2026-01-18 13:00:00,SEG_004,city_road,50,195,0.56,16.12,0.0,3588.94,7,0,1,13,0,38.78,0.3224,1.092,10.0,17.5,6,1
2026-01-18 14:00:00,SEG_004,city_road,50,169,0.43,28.43,0.0,3588.94,3,0,1,14,0,21.59,0.5686,0.7267,10.0,7.5,6,1
2026-01-18 15:00:00,SEG_010,expressway,100,292,0.77,21.33,0.0,3588.94,1,0,1,15,0,33.36,0.2133,2.2484,10.0,2.5,6,1
2026-01-18 16:00:00,SEG_005,highway,80,344,0.9,10.5,0.0,3588.94,5,0,2,16,0,47.76,0.13125,3.096,10.0,12.5,6,1
2026-01-18 17:00:00,SEG_009,highway,80,127,0.39,51.62,0.0,3588.94,3,0,3,17,1,25.73,0.64525,0.4953,10.0,7.5,6,1
2026-01-18 18:00:00,SEG_003,highway,80,158,0.35,55.96,0.0,3588.94,4,0,3,18,1,26.4,0.6995,0.5529999999999999,10.0,10.0,6,1
2026-01-18 19:00:00,SEG_017,city_road,50,369,0.96,10.0,0.0,3588.94,3,0,0,19,1,40.0,0.2,3.5423999999999998,10.0,7.5,6,1
2026-01-18 20:00:00,SEG_003,expressway,100,290,0.72,17.12,0.0,3588.94,3,0,7,20,1,46.43,0.17120000000000002,2.088,10.0,7.5,6,1
2026-01-18 21:00:00,SEG_016,highway,80,366,1.0,10.0,30.861529051466096,61.49,4,1,2,21,0,73.19,0.125,3.66,80.0,40.0,6,1
2026-01-18 22:00:00,SEG_004,rural,40,308,0.73,12.96,0.0,3588.94,0,0,2,22,0,30.18,0.324,2.2484,10.0,0.0,6,1
2026-01-18 23:00:00,SEG_018,highway,80,231,0.64,25.62,0.0,3588.94,3,0,2,23,0,31.86,0.32025000000000003,1.4784000000000002,10.0,7.5,6,1
2026-01-19 00:00:00,SEG_017,city_road,50,291,0.75,15.27,0.0,3588.94,5,0,2,0,0,42.58,0.3054,2.1825,10.0,12.5,0,0
2026-01-19 01:00:00,SEG_007,expressway,100,85,0.23,69.76,0.0,3588.94,3,0,0,1,0,18.31,0.6976,0.1955,10.0,7.5,0,0
2026-01-19 02:00:00,SEG_005,expressway,100,267,0.67,38.15,30.861529051466096,61.49,2,0,3,2,0,38.54,0.3815,1.7889000000000002,80.0,5.0,0,0
2026-01-19 03:00:00,SEG_012,expressway,100,175,0.5,48.33,0.0,3588.94,2,0,0,3,0,19.1,0.4833,0.875,10.0,5.0,0,0
2026-01-19 04:00:00,SEG_017,expressway,100,66,0.18,77.86,30.861529051466096,61.49,4,1,1,4,0,41.79,0.7786,0.1188,80.0,40.0,0,0
2026-01-19 05:00:00,SEG_013,city_road,50,220,0.47,23.39,0.0,3588.94,5,0,4,5,0,39.1,0.4678,1.034,10.0,12.5,0,0
2026-01-19 06:00:00,SEG_003,expressway,100,167,0.48,50.84,30.861529051466096,61.49,6,0,2,6,0,44.33,0.5084000000000001,0.8016,80.0,15.0,0,0
2026-01-19 07:00:00,SEG_009,highway,80,143,0.41,47.14,0.0,3588.94,4,0,3,7,0,30.06,0.58925,0.5862999999999999,10.0,10.0,0,0
2026-01-19 08:00:00,SEG_017,expressway,100,20,0.08,92.24,30.861529051466096,61.49,3,1,3,8,1,35.68,0.9224,0.016,80.0,37.5,0,0
2026-01-19 09:00:00,SEG_017,city_road,50,266,0.61,17.35,0.0,3588.94,7,0,3,9,1,49.36,0.34700000000000003,1.6226,10.0,17.5,0,0
2026-01-19 10:00:00,SEG_016,expressway,100,362,0.86,15.0,0.0,3588.94,2,0,1,10,1,40.35,0.15,3.1132,10.0,5.0,0,0
2026-01-19 11:00:00,SEG_013,city_road,50,147,0.27,36.54,0.0,3588.94,2,0,1,11,1,16.38,0.7308,0.39690000000000003,10.0,5.0,0,0
2026-01-19 12:00:00,SEG_019,city_road,50,210,0.55,19.26,0.0,3588.94,3,0,2,12,0,28.73,0.38520000000000004,1.1550000000000002,10.0,7.5,0,0
2026-01-19 13:00:00,SEG_017,city_road,50,86,0.15,38.51,30.861529051466096,61.49,2,1,1,13,0,33.49,0.7702,0.129,80.0,35.0,0,0
2026-01-19 14:00:00,SEG_004,expressway,100,23,0.0,103.04,0.0,3588.94,3,0,2,14,0,12.69,1.0304,0.0,10.0,7.5,0,0
2026-01-19 15:00:00,SEG_012,highway,80,322,0.87,13.02,0.0,3588.94,2,0,4,15,0,45.7,0.16275,2.8014,10.0,5.0,0,0
2026-01-19 16:00:00,SEG_009,highway,80,313,0.82,14.69,0.0,3588.94,2,0,5,16,0,47.66,0.18362499999999998,2.5665999999999998,10.0,5.0,0,0
2026-01-19 17:00:00,SEG_019,highway,80,162,0.39,53.42,0.0,3588.94,3,0,1,17,1,27.48,0.6677500000000001,0.6318,10.0,7.5,0,0
2026-01-19 18:00:00,SEG_012,highway,80,210,0.52,28.59,0.0,3588.94,6,0,3,18,1,41.97,0.357375,1.092,10.0,15.0,0,0
2026-01-19 19:00:00,SEG_009,expressway,100,40,0.0,97.18,0.0,3588.94,2,0,1,19,1,3.49,0.9718000000000001,0.0,10.0,5.0,0,0
2026-01-19 20:00:00,SEG_007,highway,80,246,0.66,21.42,0.0,3588.94,7,0,2,20,1,43.33,0.26775000000000004,1.6236000000000002,10.0,17.5,0,0
2026-01-19 21:00:00,SEG_014,rural,40,332,0.8,19.28,30.861529051466096,61.49,3,1,4,21,0,67.15,0.48200000000000004,2.656,80.0,37.5,0,0
2026-01-19 22:00:00,SEG_019,city_road,50,136,0.36,35.57,0.0,3588.94,4,0,2,22,0,27.49,0.7114,0.48960000000000004,10.0,10.0,0,0
2026-01-19 23:00:00,SEG_015,highway,80,321,0.68,25.2,0.0,3588.94,1,0,1,23,0,28.61,0.315,2.1828000000000003,10.0,2.5,0,0
2026-01-20 00:00:00,SEG_016,expressway,100,161,0.45,58.92,30.861529051466096,61.49,0,1,3,0,0,56.37,0.5892000000000001,0.7245,80.0,30.0,1,0
2026-01-20 01:00:00,SEG_005,city_road,50,58,0.11,50.08,0.0,3588.94,3,0,3,1,0,20.14,1.0016,0.0638,10.0,7.5,1,0
2026-01-20 02:00:00,SEG_003,city_road,50,374,0.87,12.03,0.0,3588.94,4,0,3,2,0,47.05,0.24059999999999998,3.2538,10.0,10.0,1,0
2026-01-20 03:00:00,SEG_012,city_road,50,271,0.66,21.61,0.0,3588.94,2,0,4,3,0,44.63,0.4322,1.7886,10.0,5.0,1,0
2026-01-20 04:00:00,SEG_004,expressway,100,352,0.85,13.69,0.0,3588.94,3,0,2,4,0,42.37,0.1369,2.992,10.0,7.5,1,0
2026-01-20 05:00:00,SEG_016,highway,80,226,0.62,27.89,0.0,3588.94,6,0,3,5,0,38.14,0.348625,1.4011999999999998,10.0,15.0,1,0
2026-01-20 06:00:00,SEG_007,rural,40,229,0.55,13.19,30.861529051466096,61.49,3,1,1,6,0,50.59,0.32975,1.2595,80.0,37.5,1,0
2026-01-20 07:00:00,SEG_013,rural,40,134,0.4,26.51,0.0,3588.94,2,0,1,7,0,22.84,0.6627500000000001,0.536,10.0,5.0,1,0
2026-01-20 08:00:00,SEG_010,city_road,50,244,0.63,17.71,0.0,3588.94,1,0,1,8,1,28.5,0.3542,1.5372,10.0,2.5,1,0
2026-01-20 09:00:00,SEG_007,highway,80,153,0.43,43.51,30.861529051466096,61.49,3,1,1,9,1,49.78,0.543875,0.6579,80.0,37.5,1,0
2026-01-20 10:00:00,SEG_014,city_road,50,270,0.67,14.15,30.861529051466096,61.49,4,1,3,10,1,63.63,0.28300000000000003,1.8090000000000002,80.0,40.0,1,0
2026-01-20 11:00:00,SEG_005,highway,80,238,0.66,34.45,0.0,3588.94,3,0,4,11,1,41.35,0.43062500000000004,1.5708,10.0,7.5,1,0
2026-01-20 12:00:00,SEG_003,highway,80,110,0.22,67.16,0.0,3588.94,2,0,2,12,0,13.49,0.8394999999999999,0.24200000000000002,10.0,5.0,1,0
2026-01-20 13:00:00,SEG_011,highway,80,373,0.94,13.95,0.0,3588.94,3,0,2,13,0,49.49,0.174375,3.5061999999999998,10.0,7.5,1,0
2026-01-20 14:00:00,SEG_011,city_road,50,395,0.97,10.0,30.861529051466096,61.49,0,1,4,14,0,67.75,0.2,3.8315,80.0,30.0,1,0
2026-01-20 15:00:00,SEG_018,expressway,100,65,0.23,77.28,30.861529051466096,61.49,2,1,2,15,0,37.83,0.7728,0.14950000000000002,80.0,35.0,1,0
2026-01-20 16:00:00,SEG_015,expressway,100,57,0.22,77.87,0.0,3588.94,6,0,2,16,0,33.58,0.7787000000000001,0.12539999999999998,10.0,15.0,1,0
2026-01-20 17:00:00,SEG_012,expressway,100,161,0.4,54.9,0.0,3588.94,2,0,2,17,1,29.04,0.5489999999999999,0.6440000000000001,10.0,5.0,1,0
2026-01-20 18:00:00,SEG_009,city_road,50,119,0.23,32.19,0.0,3588.94,3,0,1,18,1,15.71,0.6437999999999999,0.2737,10.0,7.5,1,0
2026-01-20 19:00:00,SEG_010,city_road,50,347,0.89,10.0,30.861529051466096,61.49,5,0,5,19,1,58.22,0.2,3.0883000000000003,80.0,12.5,1,0
2026-01-20 20:00:00,SEG_012,city_road,50,209,0.44,23.33,0.0,3588.94,3,0,5,20,1,34.24,0.46659999999999996,0.9196,10.0,7.5,1,0
2026-01-20 21:00:00,SEG_017,rural,40,54,0.22,32.26,0.0,3588.94,3,0,0,21,0,18.44,0.8065,0.1188,10.0,7.5,1,0
2026-01-20 22:00:00,SEG_006,highway,80,166,0.39,54.38,30.861529051466096,61.49,2,1,0,22,0,40.9,0.6797500000000001,0.6474,80.0,35.0,1,0
2026-01-20 23:00:00,SEG_007,expressway,100,49,0.12,84.67,0.0,3588.94,3,0,2,23,0,12.15,0.8467,0.0588,10.0,7.5,1,0
2026-01-21 00:00:00,SEG_014,city_road,50,353,0.85,17.55,0.0,3588.94,0,0,1,0,0,35.1,0.35100000000000003,3.0004999999999997,10.0,0.0,2,0
2026-01-21 01:00:00,SEG_013,city_road,50,103,0.21,34.55,0.0,3588.94,2,0,2,1,0,16.72,0.691,0.2163,10.0,5.0,2,0
2026-01-21 02:00:00,SEG_008,expressway,100,388,1.0,10.0,0.0,3588.94,1,0,1,2,0,38.05,0.1,3.88,10.0,2.5,2,0
2026-01-21 03:00:00,SEG_010,city_road,50,300,0.74,15.12,0.0,3588.94,1,0,3,3,0,35.18,0.3024,2.2199999999999998,10.0,2.5,2,0
2026-01-21 04:00:00,SEG_009,expressway,100,363,0.91,14.97,0.0,3588.94,3,0,2,4,0,47.77,0.1497,3.3033,10.0,7.5,2,0
2026-01-21 05:00:00,SEG_018,rural,40,289,0.67,10.0,0.0,3588.94,7,0,0,5,0,39.09,0.25,1.9363000000000001,10.0,17.5,2,0
2026-01-21 06:00:00,SEG_002,city_road,50,173,0.48,37.54,30.861529051466096,61.49,3,1,2,6,0,47.06,0.7508,0.8303999999999999,80.0,37.5,2,0
2026-01-21 07:00:00,SEG_005,highway,80,121,0.35,51.11,0.0,3588.94,2,0,2,7,0,23.35,0.638875,0.4235,10.0,5.0,2,0
2026-01-21 08:00:00,SEG_005,city_road,50,234,0.57,24.88,0.0,3588.94,2,0,0,8,1,24.27,0.4976,1.3337999999999999,10.0,5.0,2,0
2026-01-21 09:00:00,SEG_006,rural,40,169,0.49,27.62,0.0,3588.94,3,0,0,9,1,21.89,0.6905,0.8281,10.0,7.5,2,0
2026-01-21 10:00:00,SEG_019,highway,80,102,0.25,56.98,30.861529051466096,61.49,6,1,0,10,1,42.36,0.7122499999999999,0.255,80.0,45.0,2,0
2026-01-21 11:00:00,SEG_008,city_road,50,129,0.36,36.13,30.861529051466096,61.49,3,0,5,11,1,38.72,0.7226,0.4644,80.0,7.5,2,0
2026-01-21 12:00:00,SEG_016,city_road,50,294,0.65,13.64,0.0,3588.94,2,0,3,12,0,33.76,0.2728,1.911,10.0,5.0,2,0
2026-01-21 13:00:00,SEG_013,expressway,100,220,0.57,49.98,0.0,3588.94,3,0,2,13,0,32.82,0.49979999999999997,1.254,10.0,7.5,2,0
2026-01-21 14:00:00,SEG_001,highway,80,303,0.74,17.0,0.0,3588.94,6,0,2,14,0,43.07,0.2125,2.2422,10.0,15.0,2,0
2026-01-21 15:00:00,SEG_017,expressway,100,192,0.49,51.19,0.0,3588.94,1,0,1,15,0,23.79,0.5119,0.9408,10.0,2.5,2,0
2026-01-21 16:00:00,SEG_007,rural,40,346,0.87,10.0,0.0,3588.94,2,0,3,16,0,41.1,0.25,3.0101999999999998,10.0,5.0,2,0
2026-01-21 17:00:00,SEG_013,highway,80,225,0.57,38.32,30.861529051466096,61.49,5,1,1,17,1,57.79,0.479,1.2825,80.0,42.5,2,0
2026-01-21 18:00:00,SEG_004,highway,80,82,0.24,70.64,30.861529051466096,61.49,4,1,2,18,1,49.06,0.883,0.19679999999999997,80.0,40.0,2,0
2026-01-21 19:00:00,SEG_004,rural,40,92,0.2,29.74,0.0,3588.94,2,0,0,19,1,10.98,0.7434999999999999,0.18400000000000002,10.0,5.0,2,0
2026-01-21 20:00:00,SEG_006,highway,80,270,0.7,29.69,30.861529051466096,61.49,2,1,2,20,1,58.78,0.37112500000000004,1.89,80.0,35.0,2,0
2026-01-21 21:00:00,SEG_019,expressway,100,143,0.42,67.85,30.861529051466096,61.49,3,0,4,21,0,42.09,0.6785,0.6005999999999999,80.0,7.5,2,0
2026-01-21 22:00:00,SEG_012,city_road,50,394,0.91,10.0,0.0,3588.94,3,0,3,22,0,45.34,0.2,3.5854,10.0,7.5,2,0
2026-01-21 23:00:00,SEG_007,highway,80,140,0.31,52.45,0.0,3588.94,3,0,1,23,0,21.54,0.655625,0.434,10.0,7.5,2,0
2026-01-22 00:00:00,SEG_010,expressway,100,294,0.7,21.35,30.861529051466096,61.49,6,1,1,0,0,55.41,0.21350000000000002,2.058,80.0,45.0,3,0
2026-01-22 01:00:00,SEG_019,city_road,50,139,0.29,44.92,0.0,3588.94,0,0,1,1,0,5.15,0.8984000000000001,0.40309999999999996,10.0,0.0,3,0
2026-01-22 02:00:00,SEG_007,city_road,50,336,0.82,10.0,30.861529051466096,61.49,4,1,1,2,0,61.43,0.2,2.7552,80.0,40.0,3,0
2026-01-22 03:00:00,SEG_003,city_road,50,183,0.51,19.49,30.861529051466096,61.49,1,0,1,3,0,32.47,0.3898,0.9333,80.0,2.5,3,0
2026-01-22 04:00:00,SEG_013,city_road,50,305,0.83,10.0,0.0,3588.94,4,0,2,4,0,42.79,0.2,2.5315,10.0,10.0,3,0
2026-01-22 05:00:00,SEG_013,highway,80,284,0.72,17.38,30.861529051466096,61.49,1,0,1,5,0,40.15,0.21725,2.0448,80.0,2.5,3,0
2026-01-22 06:00:00,SEG_018,city_road,50,339,0.83,13.1,30.861529051466096,61.49,1,1,2,6,0,56.16,0.262,2.8137,80.0,32.5,3,0
2026-01-22 07:00:00,SEG_008,rural,40,180,0.49,25.69,0.0,3588.94,3,0,2,7,0,31.8,0.64225,0.882,10.0,7.5,3,0
2026-01-22 08:00:00,SEG_009,highway,80,395,0.87,13.66,0.0,3588.94,2,0,2,8,1,45.34,0.17075,3.4365,10.0,5.0,3,0
2026-01-22 09:00:00,SEG_007,city_road,50,327,0.76,12.66,0.0,3588.94,0,0,1,9,1,27.51,0.2532,2.4852,10.0,0.0,3,0
2026-01-22 10:00:00,SEG_001,city_road,50,108,0.15,36.27,0.0,3588.94,2,0,2,10,1,17.56,0.7254,0.162,10.0,5.0,3,0
2026-01-22 11:00:00,SEG_003,expressway,100,161,0.35,61.35,0.0,3588.94,3,0,0,11,1,18.32,0.6135,0.5635,10.0,7.5,3,0
2026-01-22 12:00:00,SEG_013,highway,80,222,0.52,32.87,0.0,3588.94,3,0,0,12,0,25.53,0.410875,1.1544,10.0,7.5,3,0
2026-01-22 13:00:00,SEG_017,rural,40,328,0.89,10.0,0.0,3588.94,2,0,2,13,0,46.03,0.25,2.9192,10.0,5.0,3,0
2026-01-22 14:00:00,SEG_001,city_road,50,246,0.48,20.68,0.0,3588.94,10,0,1,14,0,35.78,0.41359999999999997,1.1807999999999998,10.0,25.0,3,0
2026-01-22 15:00:00,SEG_006,highway,80,353,0.86,10.0,30.861529051466096,61.49,4,0,1,15,0,51.11,0.125,3.0357999999999996,80.0,10.0,3,0
2026-01-22 16:00:00,SEG_006,highway,80,241,0.63,28.68,30.861529051466096,61.49,2,1,7,16,0,59.98,0.3585,1.5183000000000002,80.0,35.0,3,0
2026-01-22 17:00:00,SEG_012,highway,80,60,0.17,58.05,30.861529051466096,61.49,2,1,0,17,1,34.87,0.725625,0.10200000000000001,80.0,35.0,3,0
2026-01-22 18:00:00,SEG_013,city_road,50,215,0.61,19.73,0.0,3588.94,3,0,0,18,1,32.18,0.3946,1.3114999999999999,10.0,7.5,3,0
2026-01-22 19:00:00,SEG_013,city_road,50,87,0.23,37.96,30.861529051466096,61.49,3,1,3,19,1,42.99,0.7592,0.2001,80.0,37.5,3,0
2026-01-22 20:00:00,SEG_015,expressway,100,283,0.73,32.92,30.861529051466096,61.49,3,0,1,20,1,41.3,0.3292,2.0659,80.0,7.5,3,0
2026-01-22 21:00:00,SEG_016,city_road,50,21,0.0,45.9,0.0,3588.94,0,0,1,21,0,5.06,0.9179999999999999,0.0,10.0,0.0,3,0
2026-01-22 22:00:00,SEG_011,highway,80,380,0.9,10.0,0.0,3588.94,0,0,0,22,0,32.84,0.125,3.42,10.0,0.0,3,0
2026-01-22 23:00:00,SEG_005,city_road,50,144,0.27,34.63,0.0,3588.94,4,0,7,23,0,28.37,0.6926000000000001,0.38880000000000003,10.0,10.0,3,0
2026-01-23 00:00:00,SEG_004,expressway,100,129,0.35,59.51,30.861529051466096,61.49,2,1,3,0,0,48.46,0.5951,0.45149999999999996,80.0,35.0,4,0
2026-01-23 01:00:00,SEG_003,highway,80,105,0.28,57.8,0.0,3588.94,4,0,2,1,0,22.8,0.7224999999999999,0.29400000000000004,10.0,10.0,4,0
2026-01-23 02:00:00,SEG_019,highway,80,139,0.36,41.9,0.0,3588.94,2,0,2,2,0,19.69,0.5237499999999999,0.5004,10.0,5.0,4,0
2026-01-23 03:00:00,SEG_018,highway,80,146,0.32,51.37,0.0,3588.94,1,0,1,3,0,20.27,0.642125,0.4672,10.0,2.5,4,0
2026-01-23 04:00:00,SEG_015,expressway,100,274,0.64,31.36,0.0,3588.94,2,0,3,4,0,35.42,0.3136,1.7536000000000003,10.0,5.0,4,0
2026-01-23 05:00:00,SEG_009,city_road,50,202,0.52,26.84,0.0,3588.94,2,0,1,5,0,28.15,0.5367999999999999,1.0504,10.0,5.0,4,0
2026-01-23 06:00:00,SEG_017,city_road,50,35,0.05,43.45,0.0,3588.94,4,0,2,6,0,12.23,0.8690000000000001,0.017499999999999998,10.0,10.0,4,0
2026-01-23 07:00:00,SEG_014,expressway,100,81,0.15,76.32,0.0,3588.94,2,0,1,7,0,14.02,0.7631999999999999,0.1215,10.0,5.0,4,0
2026-01-23 08:00:00,SEG_015,expressway,100,388,0.94,10.0,30.861529051466096,61.49,3,0,1,8,1,52.8,0.1,3.6471999999999998,80.0,7.5,4,0
2026-01-23 09:00:00,SEG_001,city_road,50,177,0.41,31.1,0.0,3588.94,0,0,0,9,1,13.62,0.622,0.7257,10.0,0.0,4,0
2026-01-23 10:00:00,SEG_003,expressway,100,287,0.67,31.64,0.0,3588.94,2,0,3,10,1,34.96,0.3164,1.9229000000000003,10.0,5.0,4,0
2026-01-23 11:00:00,SEG_016,highway,80,54,0.07,71.34,0.0,3588.94,1,0,3,11,1,9.54,0.89175,0.03780000000000001,10.0,2.5,4,0
2026-01-23 12:00:00,SEG_011,highway,80,286,0.74,17.44,0.0,3588.94,5,0,2,12,0,39.3,0.21800000000000003,2.1164,10.0,12.5,4,0
2026-01-23 13:00:00,SEG_012,highway,80,83,0.29,57.36,0.0,3588.94,4,0,2,13,0,22.79,0.717,0.24069999999999997,10.0,10.0,4,0
2026-01-23 14:00:00,SEG_010,highway,80,69,0.17,61.95,0.0,3588.94,6,0,1,14,0,18.02,0.774375,0.1173,10.0,15.0,4,0
2026-01-23 15:00:00,SEG_016,city_road,50,274,0.7,13.36,30.861529051466096,61.49,3,0,3,15,0,44.91,0.2672,1.918,80.0,7.5,4,0
2026-01-23 16:00:00,SEG_008,rural,40,168,0.45,25.75,30.861529051466096,61.49,11,0,1,16,0,41.94,0.64375,0.756,80.0,27.5,4,0
2026-01-23 17:00:00,SEG_006,highway,80,344,0.88,10.0,30.861529051466096,61.49,1,1,1,17,1,59.35,0.125,3.0272,80.0,32.5,4,0
2026-01-23 18:00:00,SEG_012,highway,80,323,0.77,18.18,0.0,3588.94,1,0,3,18,1,41.22,0.22725,2.4871,10.0,2.5,4,0
2026-01-23 19:00:00,SEG_008,city_road,50,295,0.82,10.0,0.0,3588.94,2,0,3,19,1,39.41,0.2,2.419,10.0,5.0,4,0
2026-01-23 20:00:00,SEG_004,rural,40,376,0.9,10.0,30.861529051466096,61.49,4,0,2,20,1,53.28,0.25,3.384,80.0,10.0,4,0
2026-01-23 21:00:00,SEG_008,city_road,50,191,0.51,19.61,0.0,3588.94,2,0,2,21,0,26.6,0.3922,0.9741,10.0,5.0,4,0
2026-01-23 22:00:00,SEG_018,city_road,50,220,0.58,26.1,0.0,3588.94,2,0,3,22,0,31.83,0.522,1.276,10.0,5.0,4,0
2026-01-23 23:00:00,SEG_005,highway,80,343,0.76,11.82,0.0,3588.94,2,0,1,23,0,32.65,0.14775,2.6068000000000002,10.0,5.0,4,0
2026-01-24 00:00:00,SEG_009,highway,80,54,0.12,72.61,0.0,3588.94,3,0,1,0,0,12.61,0.907625,0.0648,10.0,7.5,5,1
2026-01-24 01:00:00,SEG_004,rural,40,235,0.59,22.51,0.0,3588.94,1,0,1,1,0,26.4,0.5627500000000001,1.3865,10.0,2.5,5,1
2026-01-24 02:00:00,SEG_017,rural,40,84,0.22,26.05,30.861529051466096,61.49,0,0,3,2,0,23.42,0.65125,0.1848,80.0,0.0,5,1
2026-01-24 03:00:00,SEG_009,highway,80,27,0.08,69.29,0.0,3588.94,1,0,4,3,0,20.48,0.866125,0.0216,10.0,2.5,5,1
2026-01-24 04:00:00,SEG_001,rural,40,320,0.84,10.0,0.0,3588.94,3,0,5,4,0,45.29,0.25,2.688,10.0,7.5,5,1
2026-01-24 05:00:00,SEG_013,city_road,50,362,0.9,10.0,30.861529051466096,61.49,7,1,2,5,0,77.38,0.2,3.258,80.0,47.5,5,1
2026-01-24 06:00:00,SEG_016,expressway,100,351,0.9,12.59,30.861529051466096,61.49,4,0,2,6,0,52.11,0.1259,3.159,80.0,10.0,5,1
2026-01-24 07:00:00,SEG_013,city_road,50,95,0.24,35.16,0.0,3588.94,6,0,1,7,0,22.83,0.7031999999999999,0.22799999999999998,10.0,15.0,5,1
2026-01-24 08:00:00,SEG_014,city_road,50,193,0.43,22.9,0.0,3588.94,5,0,2,8,1,31.02,0.45799999999999996,0.8299,10.0,12.5,5,1
2026-01-24 09:00:00,SEG_003,city_road,50,66,0.17,31.41,30.861529051466096,61.49,2,1,5,9,1,49.78,0.6282,0.11220000000000001,80.0,35.0,5,1
2026-01-24 10:00:00,SEG_006,city_road,50,34,0.12,52.01,30.861529051466096,61.49,3,0,3,10,1,24.27,1.0402,0.0408,80.0,7.5,5,1
2026-01-24 11:00:00,SEG_018,highway,80,380,1.0,10.0,0.0,3588.94,5,0,2,11,1,49.03,0.125,3.8,10.0,12.5,5,1
2026-01-24 12:00:00,SEG_019,highway,80,166,0.44,47.6,30.861529051466096,61.49,5,0,1,12,0,37.62,0.595,0.7303999999999999,80.0,12.5,5,1
2026-01-24 13:00:00,SEG_005,city_road,50,45,0.18,36.95,0.0,3588.94,3,0,5,13,0,22.21,0.7390000000000001,0.081,10.0,7.5,5,1
2026-01-24 14:00:00,SEG_015,expressway,100,327,0.84,19.74,0.0,3588.94,4,0,2,14,0,43.3,0.1974,2.7468,10.0,10.0,5,1
2026-01-24 15:00:00,SEG_002,highway,80,112,0.32,59.14,0.0,3588.94,3,0,2,15,0,20.81,0.73925,0.35840000000000005,10.0,7.5,5,1
2026-01-24 16:00:00,SEG_010,city_road,50,251,0.67,15.23,0.0,3588.94,0,0,1,16,0,23.43,0.3046,1.6817,10.0,0.0,5,1
2026-01-24 17:00:00,SEG_018,rural,40,40,0.09,36.61,30.861529051466096,61.49,7,1,1,17,1,37.95,0.91525,0.036,80.0,47.5,5,1
2026-01-24 18:00:00,SEG_013,highway,80,326,0.85,18.16,0.0,3588.94,2,0,0,18,1,36.07,0.227,2.771,10.0,5.0,5,1
2026-01-24 19:00:00,SEG_005,city_road,50,57,0.1,36.8,0.0,3588.94,5,0,3,19,1,22.98,0.736,0.056999999999999995,10.0,12.5,5,1
2026-01-24 20:00:00,SEG_001,city_road,50,295,0.75,17.49,0.0,3588.94,1,0,3,20,1,35.23,0.34979999999999994,2.2125000000000004,10.0,2.5,5,1
2026-01-24 21:00:00,SEG_001,expressway,100,176,0.47,51.45,0.0,3588.94,1,0,1,21,0,20.96,0.5145000000000001,0.8271999999999999,10.0,2.5,5,1
2026-01-24 22:00:00,SEG_018,highway,80,198,0.55,30.44,0.0,3588.94,1,0,2,22,0,23.97,0.3805,1.089,10.0,2.5,5,1
2026-01-24 23:00:00,SEG_015,city_road,50,151,0.42,23.85,0.0,3588.94,3,0,4,23,0,31.09,0.47700000000000004,0.6342,10.0,7.5,5,1
2026-01-25 00:00:00,SEG_017,expressway,100,330,0.88,10.0,0.0,3588.94,3,0,2,0,0,42.2,0.1,2.904,10.0,7.5,6,1
2026-01-25 01:00:00,SEG_011,rural,40,367,0.91,10.0,30.861529051466096,61.49,1,0,1,1,0,44.76,0.25,3.3397,80.0,2.5,6,1
2026-01-25 02:00:00,SEG_017,city_road,50,47,0.1,53.86,0.0,3588.94,3,0,3,2,0,19.68,1.0772,0.047,10.0,7.5,6,1
2026-01-25 03:00:00,SEG_013,city_road,50,279,0.68,18.46,0.0,3588.94,3,0,6,3,0,39.38,0.36920000000000003,1.8972000000000002,10.0,7.5,6,1
2026-01-25 04:00:00,SEG_001,city_road,50,95,0.25,42.82,30.861529051466096,61.49,7,1,2,4,0,52.65,0.8564,0.2375,80.0,47.5,6,1
2026-01-25 05:00:00,SEG_002,expressway,100,86,0.12,90.81,0.0,3588.94,4,0,0,5,0,7.02,0.9081,0.1032,10.0,10.0,6,1
2026-01-25 06:00:00,SEG_009,city_road,50,361,0.97,10.0,0.0,3588.94,3,0,3,6,0,50.24,0.2,3.5016999999999996,10.0,7.5,6,1
2026-01-25 07:00:00,SEG_003,highway,80,213,0.53,37.97,30.861529051466096,61.49,3,1,1,7,0,49.63,0.47462499999999996,1.1289,80.0,37.5,6,1
2026-01-25 08:00:00,SEG_001,rural,40,181,0.43,20.81,0.0,3588.94,1,0,1,8,1,23.32,0.52025,0.7783,10.0,2.5,6,1
2026-01-25 09:00:00,SEG_016,city_road,50,366,0.79,10.0,0.0,3588.94,5,0,1,9,1,38.63,0.2,2.8914000000000004,10.0,12.5,6,1
2026-01-25 10:00:00,SEG_006,city_road,50,380,0.95,10.0,0.0,3588.94,2,0,5,10,1,54.59,0.2,3.61,10.0,5.0,6,1
2026-01-25 11:00:00,SEG_017,highway,80,276,0.68,31.01,0.0,3588.94,2,0,0,11,1,24.3,0.387625,1.8768,10.0,5.0,6,1
2026-01-25 12:00:00,SEG_005,city_road,50,91,0.18,31.93,30.861529051466096,61.49,2,1,3,12,0,42.33,0.6386,0.1638,80.0,35.0,6,1
2026-01-25 13:00:00,SEG_005,city_road,50,106,0.23,33.21,0.0,3588.94,5,0,1,13,0,14.94,0.6642,0.24380000000000002,10.0,12.5,6,1
2026-01-25 14:00:00,SEG_006,city_road,50,281,0.7,25.06,30.861529051466096,61.49,2,1,0,14,0,53.86,0.5012,1.9669999999999999,80.0,35.0,6,1
2026-01-25 15:00:00,SEG_003,highway,80,233,0.55,36.68,30.861529051466096,61.49,1,0,2,15,0,40.15,0.4585,1.2815,80.0,2.5,6,1
2026-01-25 16:00:00,SEG_005,city_road,50,172,0.46,27.89,0.0,3588.94,7,0,0,16,0,28.01,0.5578,0.7912,10.0,17.5,6,1
2026-01-25 17:00:00,SEG_005,rural,40,229,0.54,21.59,0.0,3588.94,6,0,3,17,1,40.27,0.53975,1.2366000000000001,10.0,15.0,6,1
2026-01-25 18:00:00,SEG_010,highway,80,80,0.21,55.5,0.0,3588.94,2,0,1,18,1,15.68,0.69375,0.168,10.0,5.0,6,1
2026-01-25 19:00:00,SEG_010,rural,40,287,0.78,10.0,0.0,3588.94,2,0,1,19,1,29.65,0.25,2.2386000000000004,10.0,5.0,6,1
2026-01-25 20:00:00,SEG_019,city_road,50,281,0.7,12.78,0.0,3588.94,3,0,1,20,1,31.25,0.2556,1.9669999999999999,10.0,7.5,6,1
2026-01-25 21:00:00,SEG_017,expressway,100,237,0.61,34.48,30.861529051466096,61.49,4,0,4,21,0,46.63,0.3448,1.4457,80.0,10.0,6,1
2026-01-25 22:00:00,SEG_014,expressway,100,302,0.77,22.63,30.861529051466096,61.49,2,1,1,22,0,63.89,0.2263,2.3254,80.0,35.0,6,1
2026-01-25 23:00:00,SEG_009,city_road,50,155,0.39,32.93,0.0,3588.94,2,0,2,23,0,26.79,0.6586,0.6045,10.0,5.0,6,1
2026-01-26 00:00:00,SEG_014,expressway,100,399,0.99,10.0,0.0,3588.94,2,0,1,0,0,41.0,0.1,3.9501000000000004,10.0,5.0,0,0
2026-01-26 01:00:00,SEG_001,expressway,100,381,0.92,12.06,30.861529051466096,61.49,4,0,2,1,0,56.25,0.1206,3.5052000000000003,80.0,10.0,0,0
2026-01-26 02:00:00,SEG_019,city_road,50,112,0.29,30.53,0.0,3588.94,5,0,0,2,0,20.78,0.6106,0.32480000000000003,10.0,12.5,0,0
2026-01-26 03:00:00,SEG_013,city_road,50,128,0.31,32.63,30.861529051466096,61.49,3,0,2,3,0,32.34,0.6526000000000001,0.3968,80.0,7.5,0,0
2026-01-26 04:00:00,SEG_013,city_road,50,260,0.73,10.27,0.0,3588.94,3,0,2,4,0,34.39,0.2054,1.898,10.0,7.5,0,0
2026-01-26 05:00:00,SEG_004,expressway,100,374,0.98,10.0,0.0,3588.94,2,0,2,5,0,48.42,0.1,3.6652,10.0,5.0,0,0
2026-01-26 06:00:00,SEG_001,expressway,100,161,0.33,60.78,30.861529051466096,61.49,5,1,1,6,0,44.96,0.6078,0.5313000000000001,80.0,42.5,0,0
2026-01-26 07:00:00,SEG_017,expressway,100,310,0.71,37.32,0.0,3588.94,2,0,2,7,0,32.7,0.3732,2.201,10.0,5.0,0,0
2026-01-26 08:00:00,SEG_008,city_road,50,256,0.63,18.55,30.861529051466096,61.49,3,0,0,8,1,37.54,0.371,1.6128,80.0,7.5,0,0
2026-01-26 09:00:00,SEG_002,expressway,100,359,0.88,10.88,30.861529051466096,61.49,3,1,4,9,1,72.55,0.10880000000000001,3.1592,80.0,37.5,0,0
2026-01-26 10:00:00,SEG_008,highway,80,331,0.82,16.82,0.0,3588.94,2,0,2,10,1,38.77,0.21025,2.7142,10.0,5.0,0,0
2026-01-26 11:00:00,SEG_007,city_road,50,196,0.52,26.67,0.0,3588.94,1,0,5,11,1,37.72,0.5334,1.0192,10.0,2.5,0,0
2026-01-26 12:00:00,SEG_002,highway,80,160,0.42,51.99,30.861529051466096,61.49,1,1,2,12,0,41.93,0.649875,0.672,80.0,32.5,0,0
2026-01-26 13:00:00,SEG_003,city_road,50,208,0.54,19.28,30.861529051466096,61.49,4,1,3,13,0,64.15,0.3856,1.1232000000000002,80.0,40.0,0,0
2026-01-26 14:00:00,SEG_018,city_road,50,68,0.24,40.01,0.0,3588.94,1,0,2,14,0,14.9,0.8001999999999999,0.1632,10.0,2.5,0,0
2026-01-26 15:00:00,SEG_012,city_road,50,321,0.73,10.0,30.861529051466096,61.49,3,0,3,15,0,48.0,0.2,2.3432999999999997,80.0,7.5,0,0
2026-01-26 16:00:00,SEG_001,city_road,50,388,0.98,10.0,0.0,3588.94,2,0,1,16,0,46.88,0.2,3.8024,10.0,5.0,0,0
2026-01-26 17:00:00,SEG_012,city_road,50,209,0.49,25.78,0.0,3588.94,1,0,1,17,1,20.02,0.5156000000000001,1.0241,10.0,2.5,0,0
2026-01-26 18:00:00,SEG_005,city_road,50,155,0.46,27.77,30.861529051466096,61.49,6,0,2,18,1,44.88,0.5554,0.7130000000000001,80.0,15.0,0,0
2026-01-26 19:00:00,SEG_017,highway,80,62,0.04,77.35,0.0,3588.94,2,0,1,19,1,7.76,0.9668749999999999,0.0248,10.0,5.0,0,0
2026-01-26 20:00:00,SEG_016,city_road,50,399,0.89,10.0,30.861529051466096,61.49,4,0,2,20,1,50.34,0.2,3.5511000000000004,80.0,10.0,0,0
2026-01-26 21:00:00,SEG_015,highway,80,372,0.95,10.0,0.0,3588.94,4,0,3,21,0,49.1,0.125,3.534,10.0,10.0,0,0
2026-01-26 22:00:00,SEG_015,highway,80,109,0.33,54.51,0.0,3588.94,7,0,2,22,0,33.25,0.681375,0.3597,10.0,17.5,0,0
2026-01-26 23:00:00,SEG_005,city_road,50,314,0.82,10.0,0.0,3588.94,2,0,2,23,0,41.74,0.2,2.5747999999999998,10.0,5.0,0,0
2026-01-27 00:00:00,SEG_014,city_road,50,360,0.86,21.6,0.0,3588.94,8,0,1,0,0,48.78,0.43200000000000005,3.096,10.0,20.0,1,0
2026-01-27 01:00:00,SEG_002,city_road,50,264,0.74,10.0,0.0,3588.94,3,0,2,1,0,33.11,0.2,1.9536,10.0,7.5,1,0
2026-01-27 02:00:00,SEG_011,city_road,50,211,0.47,23.0,0.0,3588.94,4,0,1,2,0,29.36,0.46,0.9916999999999999,10.0,10.0,1,0
2026-01-27 03:00:00,SEG_019,city_road,50,337,0.91,10.0,0.0,3588.94,4,0,2,3,0,45.42,0.2,3.0667,10.0,10.0,1,0
2026-01-27 04:00:00,SEG_007,expressway,100,125,0.26,71.85,0.0,3588.94,5,0,2,4,0,21.79,0.7184999999999999,0.325,10.0,12.5,1,0
2026-01-27 05:00:00,SEG_006,city_road,50,382,0.94,10.0,0.0,3588.94,1,0,1,5,0,38.94,0.2,3.5907999999999998,10.0,2.5,1,0
2026-01-27 06:00:00,SEG_002,city_road,50,329,0.85,10.0,30.861529051466096,61.49,3,1,3,6,0,70.87,0.2,2.7965,80.0,37.5,1,0
2026-01-27 07:00:00,SEG_006,highway,80,252,0.56,33.18,0.0,3588.94,2,0,0,7,0,23.62,0.41475,1.4112000000000002,10.0,5.0,1,0
2026-01-27 08:00:00,SEG_018,city_road,50,284,0.78,10.0,0.0,3588.94,1,0,2,8,1,38.07,0.2,2.2152,10.0,2.5,1,0
2026-01-27 09:00:00,SEG_002,city_road,50,363,0.89,10.0,0.0,3588.94,2,0,3,9,1,45.54,0.2,3.2307,10.0,5.0,1,0
2026-01-27 10:00:00,SEG_018,city_road,50,56,0.15,40.54,0.0,3588.94,3,0,2,10,1,18.68,0.8108,0.084,10.0,7.5,1,0
2026-01-27 11:00:00,SEG_015,city_road,50,324,0.87,10.0,0.0,3588.94,7,0,2,11,1,49.53,0.2,2.8188,10.0,17.5,1,0
2026-01-27 12:00:00,SEG_019,city_road,50,60,0.11,40.34,0.0,3588.94,4,0,3,12,0,23.31,0.8068000000000001,0.066,10.0,10.0,1,0
2026-01-27 13:00:00,SEG_002,city_road,50,36,0.14,42.45,0.0,3588.94,1,0,2,13,0,15.64,0.8490000000000001,0.0504,10.0,2.5,1,0
2026-01-27 14:00:00,SEG_006,expressway,100,363,0.99,10.0,30.861529051466096,61.49,1,0,2,14,0,52.74,0.1,3.5936999999999997,80.0,2.5,1,0
2026-01-27 15:00:00,SEG_001,expressway,100,296,0.71,32.78,30.861529051466096,61.49,1,1,4,15,0,60.62,0.32780000000000004,2.1016,80.0,32.5,1,0
2026-01-27 16:00:00,SEG_015,expressway,100,326,0.88,16.74,0.0,3588.94,4,0,3,16,0,50.76,0.1674,2.8688,10.0,10.0,1,0
2026-01-27 17:00:00,SEG_010,rural,40,78,0.11,32.08,0.0,3588.94,6,0,2,17,1,23.01,0.8019999999999999,0.0858,10.0,15.0,1,0
2026-01-27 18:00:00,SEG_019,highway,80,202,0.52,34.6,0.0,3588.94,6,0,4,18,1,39.28,0.4325,1.0504,10.0,15.0,1,0
2026-01-27 19:00:00,SEG_017,highway,80,60,0.09,73.69,0.0,3588.94,0,0,2,19,1,8.01,0.921125,0.054,10.0,0.0,1,0
2026-01-27 20:00:00,SEG_005,highway,80,58,0.19,71.13,0.0,3588.94,8,0,0,20,1,20.06,0.8891249999999999,0.11019999999999999,10.0,20.0,1,0
2026-01-27 21:00:00,SEG_004,city_road,50,211,0.57,28.93,0.0,3588.94,3,0,1,21,0,22.99,0.5786,1.2026999999999999,10.0,7.5,1,0
2026-01-27 22:00:00,SEG_010,expressway,100,286,0.82,10.99,0.0,3588.94,4,0,3,22,0,48.71,0.1099,2.3451999999999997,10.0,10.0,1,0
2026-01-27 23:00:00,SEG_017,highway,80,166,0.49,45.83,0.0,3588.94,2,0,3,23,0,39.45,0.572875,0.8133999999999999,10.0,5.0,1,0
2026-01-28 00:00:00,SEG_010,rural,40,352,0.87,10.0,0.0,3588.94,2,0,3,0,0,47.08,0.25,3.0624,10.0,5.0,2,0
2026-01-28 01:00:00,SEG_017,highway,80,146,0.31,54.99,0.0,3588.94,2,0,2,1,0,21.34,0.6873750000000001,0.4526,10.0,5.0,2,0
2026-01-28 02:00:00,SEG_005,rural,40,65,0.19,34.92,0.0,3588.94,0,0,4,2,0,17.1,0.873,0.12350000000000001,10.0,0.0,2,0
2026-01-28 03:00:00,SEG_002,city_road,50,64,0.16,39.6,0.0,3588.94,6,0,2,3,0,20.82,0.792,0.1024,10.0,15.0,2,0
2026-01-28 04:00:00,SEG_006,highway,80,20,0.13,75.08,0.0,3588.94,4,0,2,4,0,19.0,0.9385,0.026000000000000002,10.0,10.0,2,0
2026-01-28 05:00:00,SEG_002,city_road,50,187,0.36,39.12,0.0,3588.94,3,0,2,5,0,27.5,0.7824,0.6732,10.0,7.5,2,0
2026-01-28 06:00:00,SEG_013,highway,80,127,0.43,52.91,0.0,3588.94,3,0,4,6,0,31.03,0.6613749999999999,0.5461,10.0,7.5,2,0
2026-01-28 07:00:00,SEG_011,highway,80,38,0.12,61.18,0.0,3588.94,1,0,4,7,0,25.89,0.76475,0.0456,10.0,2.5,2,0
2026-01-28 08:00:00,SEG_011,city_road,50,351,0.84,10.0,0.0,3588.94,5,0,1,8,1,38.25,0.2,2.9484,10.0,12.5,2,0
2026-01-28 09:00:00,SEG_016,expressway,100,91,0.26,64.32,0.0,3588.94,3,0,0,9,1,15.77,0.6431999999999999,0.2366,10.0,7.5,2,0
2026-01-28 10:00:00,SEG_011,city_road,50,128,0.38,27.17,0.0,3588.94,4,0,2,10,1,27.51,0.5434,0.4864,10.0,10.0,2,0
2026-01-28 11:00:00,SEG_019,city_road,50,287,0.72,10.0,0.0,3588.94,2,0,2,11,1,35.22,0.2,2.0664,10.0,5.0,2,0
2026-01-28 12:00:00,SEG_015,city_road,50,259,0.56,24.25,0.0,3588.94,0,0,2,12,0,23.89,0.485,1.4504000000000001,10.0,0.0,2,0
2026-01-28 13:00:00,SEG_016,expressway,100,320,0.79,22.1,0.0,3588.94,1,0,3,13,0,38.9,0.221,2.5280000000000005,10.0,2.5,2,0
2026-01-28 14:00:00,SEG_011,highway,80,109,0.32,52.24,0.0,3588.94,1,0,4,14,0,23.85,0.653,0.34880000000000005,10.0,2.5,2,0
2026-01-28 15:00:00,SEG_016,city_road,50,122,0.33,29.54,30.861529051466096,61.49,4,0,2,15,0,37.13,0.5908,0.4026,80.0,10.0,2,0
2026-01-28 16:00:00,SEG_008,highway,80,269,0.66,28.77,0.0,3588.94,0,0,3,16,0,36.96,0.359625,1.7754,10.0,0.0,2,0
2026-01-28 17:00:00,SEG_004,highway,80,27,0.13,64.54,0.0,3588.94,2,0,4,17,1,19.38,0.8067500000000001,0.035100000000000006,10.0,5.0,2,0
2026-01-28 18:00:00,SEG_008,city_road,50,172,0.47,21.1,30.861529051466096,61.49,3,1,0,18,1,40.23,0.42200000000000004,0.8083999999999999,80.0,37.5,2,0
2026-01-28 19:00:00,SEG_004,highway,80,366,0.96,10.0,30.861529051466096,61.49,3,1,3,19,1,72.27,0.125,3.5136,80.0,37.5,2,0
2026-01-28 20:00:00,SEG_003,city_road,50,193,0.46,25.98,0.0,3588.94,3,0,1,20,1,25.94,0.5196000000000001,0.8878,10.0,7.5,2,0
2026-01-28 21:00:00,SEG_003,expressway,100,362,0.88,10.0,0.0,3588.94,1,0,2,21,0,39.12,0.1,3.1856,10.0,2.5,2,0
2026-01-28 22:00:00,SEG_018,highway,80,177,0.36,49.28,0.0,3588.94,2,0,2,22,0,24.2,0.616,0.6372,10.0,5.0,2,0
2026-01-28 23:00:00,SEG_019,city_road,50,234,0.57,24.11,0.0,3588.94,3,0,3,23,0,39.09,0.48219999999999996,1.3337999999999999,10.0,7.5,2,0
2026-01-29 00:00:00,SEG_019,highway,80,196,0.54,41.62,0.0,3588.94,4,0,2,0,0,35.4,0.52025,1.0584,10.0,10.0,3,0
2026-01-29 01:00:00,SEG_005,rural,40,194,0.47,28.45,0.0,3588.94,4,0,1,1,0,29.04,0.7112499999999999,0.9117999999999999,10.0,10.0,3,0
2026-01-29 02:00:00,SEG_018,city_road,50,359,0.92,10.0,0.0,3588.94,1,0,2,2,0,42.46,0.2,3.3028,10.0,2.5,3,0
2026-01-29 03:00:00,SEG_010,expressway,100,357,0.95,10.0,30.861529051466096,61.49,0,1,2,3,0,62.72,0.1,3.3914999999999997,80.0,30.0,3,0
2026-01-29 04:00:00,SEG_006,city_road,50,165,0.43,29.44,30.861529051466096,61.49,3,1,0,4,0,40.93,0.5888,0.7094999999999999,80.0,37.5,3,0
2026-01-29 05:00:00,SEG_001,highway,80,343,0.88,10.0,0.0,3588.94,4,0,1,5,0,46.15,0.125,3.0184,10.0,10.0,3,0
2026-01-29 06:00:00,SEG_005,city_road,50,180,0.38,29.15,0.0,3588.94,0,0,3,6,0,22.61,0.583,0.684,10.0,0.0,3,0
2026-01-29 07:00:00,SEG_009,rural,40,146,0.35,24.17,0.0,3588.94,1,0,1,7,0,14.41,0.6042500000000001,0.511,10.0,2.5,3,0
2026-01-29 08:00:00,SEG_012,city_road,50,101,0.34,30.45,30.861529051466096,61.49,4,0,1,8,1,27.23,0.609,0.34340000000000004,80.0,10.0,3,0
2026-01-29 09:00:00,SEG_014,expressway,100,166,0.42,57.8,0.0,3588.94,2,0,1,9,1,18.95,0.578,0.6971999999999999,10.0,5.0,3,0
2026-01-29 10:00:00,SEG_002,expressway,100,258,0.74,24.9,0.0,3588.94,5,0,2,10,1,38.2,0.249,1.9092,10.0,12.5,3,0
2026-01-29 11:00:00,SEG_017,highway,80,103,0.22,57.47,0.0,3588.94,5,0,2,11,1,25.71,0.718375,0.2266,10.0,12.5,3,0
2026-01-29 12:00:00,SEG_014,highway,80,132,0.34,52.04,0.0,3588.94,4,0,2,12,0,25.37,0.6505,0.44880000000000003,10.0,10.0,3,0
2026-01-29 13:00:00,SEG_013,city_road,50,244,0.59,17.3,0.0,3588.94,2,0,2,13,0,32.98,0.34600000000000003,1.4396,10.0,5.0,3,0
2026-01-29 14:00:00,SEG_009,city_road,50,351,0.91,10.0,30.861529051466096,61.49,5,1,3,14,0,77.07,0.2,3.1940999999999997,80.0,42.5,3,0
2026-01-29 15:00:00,SEG_015,expressway,100,397,1.0,10.0,0.0,3588.94,6,0,1,15,0,52.73,0.1,3.97,10.0,15.0,3,0
2026-01-29 16:00:00,SEG_015,rural,40,262,0.69,12.84,0.0,3588.94,1,0,2,16,0,34.05,0.321,1.8077999999999999,10.0,2.5,3,0
2026-01-29 17:00:00,SEG_011,city_road,50,162,0.46,32.46,0.0,3588.94,2,0,0,17,1,20.96,0.6492,0.7452000000000001,10.0,5.0,3,0
2026-01-29 18:00:00,SEG_016,highway,80,60,0.15,55.86,0.0,3588.94,2,0,2,18,1,14.68,0.69825,0.09,10.0,5.0,3,0
2026-01-29 19:00:00,SEG_017,expressway,100,277,0.68,27.65,30.861529051466096,61.49,2,0,5,19,1,50.14,0.27649999999999997,1.8836000000000002,80.0,5.0,3,0
2026-01-29 20:00:00,SEG_004,highway,80,304,0.67,28.56,30.861529051466096,61.49,3,1,1,20,1,56.92,0.357,2.0368,80.0,37.5,3,0
2026-01-29 21:00:00,SEG_001,expressway,100,124,0.34,70.39,30.861529051466096,61.49,1,1,0,21,0,33.73,0.7039,0.42160000000000003,80.0,32.5,3,0
2026-01-29 22:00:00,SEG_008,city_road,50,221,0.56,19.9,30.861529051466096,61.49,4,1,1,22,0,53.15,0.39799999999999996,1.2376,80.0,40.0,3,0
2026-01-29 23:00:00,SEG_017,city_road,50,326,0.81,10.0,0.0,3588.94,2,0,1,23,0,33.12,0.2,2.6406,10.0,5.0,3,0
2026-01-30 00:00:00,SEG_003,highway,80,350,0.87,16.5,0.0,3588.94,0,0,2,0,0,39.97,0.20625,3.045,10.0,0.0,4,0
2026-01-30 01:00:00,SEG_015,city_road,50,285,0.71,18.48,0.0,3588.94,1,0,5,1,0,44.0,0.3696,2.0235,10.0,2.5,4,0
2026-01-30 02:00:00,SEG_015,city_road,50,229,0.56,26.29,30.861529051466096,61.49,5,1,4,2,0,70.73,0.5257999999999999,1.2824000000000002,80.0,42.5,4,0
2026-01-30 03:00:00,SEG_014,city_road,50,70,0.15,40.16,0.0,3588.94,5,0,2,3,0,18.98,0.8031999999999999,0.105,10.0,12.5,4,0
2026-01-30 04:00:00,SEG_014,highway,80,137,0.35,57.57,0.0,3588.94,3,0,2,4,0,22.3,0.719625,0.4795,10.0,7.5,4,0
2026-01-30 05:00:00,SEG_002,expressway,100,220,0.57,33.27,30.861529051466096,61.49,2,1,2,5,0,52.84,0.33270000000000005,1.254,80.0,35.0,4,0
2026-01-30 06:00:00,SEG_013,expressway,100,396,0.95,10.66,0.0,3588.94,1,0,5,6,0,48.07,0.1066,3.762,10.0,2.5,4,0
2026-01-30 07:00:00,SEG_014,highway,80,58,0.12,70.07,0.0,3588.94,2,0,0,7,0,9.81,0.875875,0.0696,10.0,5.0,4,0
2026-01-30 08:00:00,SEG_019,highway,80,47,0.11,71.84,0.0,3588.94,3,0,4,8,1,21.7,0.898,0.051699999999999996,10.0,7.5,4,0
2026-01-30 09:00:00,SEG_007,highway,80,278,0.7,19.27,0.0,3588.94,3,0,4,9,1,41.03,0.240875,1.9459999999999997,10.0,7.5,4,0
2026-01-30 10:00:00,SEG_003,city_road,50,103,0.25,28.43,0.0,3588.94,5,0,2,10,1,28.01,0.5686,0.2575,10.0,12.5,4,0
2026-01-30 11:00:00,SEG_015,city_road,50,174,0.47,27.04,30.861529051466096,61.49,3,0,1,11,1,27.62,0.5408,0.8178,80.0,7.5,4,0
2026-01-30 12:00:00,SEG_014,city_road,50,136,0.26,39.76,0.0,3588.94,2,0,1,12,0,17.73,0.7951999999999999,0.3536,10.0,5.0,4,0
2026-01-30 13:00:00,SEG_011,highway,80,21,0.0,83.51,30.861529051466096,61.49,5,1,1,13,0,34.06,1.043875,0.0,80.0,42.5,4,0
2026-01-30 14:00:00,SEG_015,city_road,50,112,0.29,38.47,0.0,3588.94,3,0,1,14,0,21.6,0.7694,0.32480000000000003,10.0,7.5,4,0
2026-01-30 15:00:00,SEG_013,city_road,50,185,0.43,30.34,0.0,3588.94,4,0,1,15,0,29.22,0.6068,0.7955,10.0,10.0,4,0
2026-01-30 16:00:00,SEG_018,city_road,50,369,0.97,10.0,30.861529051466096,61.49,4,1,3,16,0,66.84,0.2,3.5793,80.0,40.0,4,0
2026-01-30 17:00:00,SEG_006,rural,40,315,0.85,10.0,0.0,3588.94,4,0,3,17,1,46.12,0.25,2.6774999999999998,10.0,10.0,4,0
2026-01-30 18:00:00,SEG_003,highway,80,277,0.7,18.82,0.0,3588.94,5,0,2,18,1,40.67,0.23525000000000001,1.9389999999999998,10.0,12.5,4,0
2026-01-30 19:00:00,SEG_019,city_road,50,100,0.2,45.54,30.861529051466096,61.49,4,1,4,19,1,42.64,0.9107999999999999,0.2,80.0,40.0,4,0
2026-01-30 20:00:00,SEG_015,city_road,50,287,0.77,11.08,0.0,3588.94,4,0,3,20,1,44.63,0.2216,2.2099,10.0,10.0,4,0
2026-01-30 21:00:00,SEG_005,city_road,50,254,0.64,17.75,0.0,3588.94,0,0,2,21,0,26.82,0.355,1.6256000000000002,10.0,0.0,4,0
2026-01-30 22:00:00,SEG_010,expressway,100,340,0.78,26.33,0.0,3588.94,4,0,1,22,0,34.68,0.2633,2.652,10.0,10.0,4,0
2026-01-30 23:00:00,SEG_007,city_road,50,330,0.76,17.01,0.0,3588.94,2,0,4,23,0,40.65,0.34020000000000006,2.508,10.0,5.0,4,0
2026-01-31 00:00:00,SEG_017,rural,40,320,0.88,10.0,0.0,3588.94,5,0,1,0,0,41.33,0.25,2.8160000000000003,10.0,12.5,5,1
2026-01-31 01:00:00,SEG_007,highway,80,376,1.0,10.0,0.0,3588.94,5,0,4,1,0,55.29,0.125,3.76,10.0,12.5,5,1
2026-01-31 02:00:00,SEG_012,highway,80,232,0.45,47.81,30.861529051466096,61.49,2,1,0,2,0,43.02,0.5976250000000001,1.044,80.0,35.0,5,1
2026-01-31 03:00:00,SEG_017,expressway,100,81,0.13,82.93,30.861529051466096,61.49,4,1,2,3,0,44.21,0.8293,0.1053,80.0,40.0,5,1
2026-01-31 04:00:00,SEG_013,city_road,50,68,0.23,42.44,0.0,3588.94,0,0,2,4,0,13.82,0.8488,0.1564,10.0,0.0,5,1
2026-01-31 05:00:00,SEG_004,highway,80,146,0.36,44.07,0.0,3588.94,2,0,2,5,0,25.91,0.550875,0.5256,10.0,5.0,5,1
2026-01-31 06:00:00,SEG_010,highway,80,242,0.64,28.33,0.0,3588.94,0,0,3,6,0,28.26,0.35412499999999997,1.5488,10.0,0.0,5,1
2026-01-31 07:00:00,SEG_003,highway,80,298,0.74,16.7,0.0,3588.94,6,0,4,7,0,50.36,0.20875,2.2052,10.0,15.0,5,1
2026-01-31 08:00:00,SEG_009,expressway,100,313,0.82,22.35,0.0,3588.94,4,0,3,8,1,52.02,0.2235,2.5665999999999998,10.0,10.0,5,1
2026-01-31 09:00:00,SEG_013,highway,80,303,0.76,24.78,30.861529051466096,61.49,5,1,4,9,1,66.54,0.30975,2.3028,80.0,42.5,5,1
2026-01-31 10:00:00,SEG_018,city_road,50,296,0.72,14.99,30.861529051466096,61.49,6,1,0,10,1,55.03,0.2998,2.1311999999999998,80.0,45.0,5,1
2026-01-31 11:00:00,SEG_015,highway,80,126,0.37,51.23,0.0,3588.94,5,0,4,11,1,38.79,0.6403749999999999,0.4662,10.0,12.5,5,1
2026-01-31 12:00:00,SEG_004,city_road,50,165,0.42,32.52,0.0,3588.94,5,0,3,12,0,34.36,0.6504000000000001,0.693,10.0,12.5,5,1
2026-01-31 13:00:00,SEG_015,highway,80,118,0.33,59.21,0.0,3588.94,2,0,5,13,0,28.75,0.740125,0.3894,10.0,5.0,5,1
2026-01-31 14:00:00,SEG_002,city_road,50,394,0.99,10.0,0.0,3588.94,3,0,2,14,0,43.26,0.2,3.9006,10.0,7.5,5,1
2026-01-31 15:00:00,SEG_015,highway,80,92,0.21,60.7,0.0,3588.94,9,0,3,15,0,31.24,0.75875,0.1932,10.0,22.5,5,1
2026-01-31 16:00:00,SEG_008,expressway,100,141,0.43,60.24,30.861529051466096,61.49,0,1,5,16,0,53.17,0.6024,0.6063,80.0,30.0,5,1
2026-01-31 17:00:00,SEG_008,highway,80,49,0.14,59.51,0.0,3588.94,1,0,2,17,1,13.32,0.743875,0.06860000000000001,10.0,2.5,5,1
2026-01-31 18:00:00,SEG_017,city_road,50,207,0.5,29.55,30.861529051466096,61.49,3,1,0,18,1,42.8,0.591,1.035,80.0,37.5,5,1
2026-01-31 19:00:00,SEG_012,expressway,100,383,1.0,10.0,0.0,3588.94,6,0,3,19,1,54.99,0.1,3.83,10.0,15.0,5,1
2026-01-31 20:00:00,SEG_019,city_road,50,373,0.87,10.0,0.0,3588.94,1,0,1,20,1,33.75,0.2,3.2451,10.0,2.5,5,1
2026-01-31 21:00:00,SEG_010,city_road,50,307,0.88,10.58,0.0,3588.94,5,0,3,21,0,51.74,0.2116,2.7016,10.0,12.5,5,1
2026-01-31 22:00:00,SEG_009,city_road,50,214,0.53,21.42,0.0,3588.94,3,0,1,22,0,24.31,0.42840000000000006,1.1342,10.0,7.5,5,1
2026-01-31 23:00:00,SEG_005,city_road,50,175,0.37,34.74,0.0,3588.94,5,0,2,23,0,29.18,0.6948000000000001,0.6475,10.0,12.5,5,1
2026-02-01 00:00:00,SEG_006,city_road,50,191,0.57,27.19,0.0,3588.94,7,0,2,0,0,47.85,0.5438000000000001,1.0886999999999998,10.0,17.5,6,1
2026-02-01 01:00:00,SEG_002,rural,40,354,0.86,10.0,30.861529051466096,61.49,5,1,1,1,0,62.37,0.25,3.0444,80.0,42.5,6,1
2026-02-01 02:00:00,SEG_013,city_road,50,60,0.16,43.56,0.0,3588.94,6,0,2,2,0,21.36,0.8712000000000001,0.096,10.0,15.0,6,1
2026-02-01 03:00:00,SEG_006,city_road,50,82,0.24,37.4,0.0,3588.94,1,0,3,3,0,19.12,0.748,0.19679999999999997,10.0,2.5,6,1
2026-02-01 04:00:00,SEG_005,expressway,100,42,0.16,84.58,30.861529051466096,61.49,2,1,1,4,0,26.49,0.8458,0.0672,80.0,35.0,6,1
2026-02-01 05:00:00,SEG_001,city_road,50,379,0.96,10.0,30.861529051466096,61.49,1,0,5,5,0,54.03,0.2,3.6384,80.0,2.5,6,1
2026-02-01 06:00:00,SEG_006,highway,80,94,0.2,62.53,30.861529051466096,61.49,5,1,0,6,0,40.65,0.781625,0.188,80.0,42.5,6,1
2026-02-01 07:00:00,SEG_006,city_road,50,67,0.18,34.56,0.0,3588.94,2,0,1,7,0,12.77,0.6912,0.1206,10.0,5.0,6,1
2026-02-01 08:00:00,SEG_016,rural,40,179,0.43,18.31,30.861529051466096,61.49,2,1,1,8,1,47.93,0.45775,0.7697,80.0,35.0,6,1
2026-02-01 09:00:00,SEG_004,highway,80,332,0.84,10.0,0.0,3588.94,2,0,3,9,1,41.69,0.125,2.7887999999999997,10.0,5.0,6,1
2026-02-01 10:00:00,SEG_011,city_road,50,137,0.42,30.32,0.0,3588.94,2,0,1,10,1,20.72,0.6064,0.5754,10.0,5.0,6,1
2026-02-01 11:00:00,SEG_009,highway,80,119,0.34,61.26,0.0,3588.94,2,0,0,11,1,13.79,0.7657499999999999,0.4046,10.0,5.0,6,1
2026-02-01 12:00:00,SEG_003,city_road,50,399,1.0,10.0,0.0,3588.94,2,0,2,12,0,43.97,0.2,3.99,10.0,5.0,6,1
2026-02-01 13:00:00,SEG_019,highway,80,186,0.5,44.83,0.0,3588.94,6,0,1,13,0,28.87,0.560375,0.93,10.0,15.0,6,1
2026-02-01 14:00:00,SEG_008,city_road,50,309,0.81,15.13,0.0,3588.94,0,0,0,14,0,27.91,0.30260000000000004,2.5029,10.0,0.0,6,1
2026-02-01 15:00:00,SEG_005,expressway,100,175,0.38,56.0,0.0,3588.94,1,0,2,15,0,18.39,0.56,0.665,10.0,2.5,6,1
2026-02-01 16:00:00,SEG_004,city_road,50,26,0.07,41.58,0.0,3588.94,4,0,3,16,0,15.82,0.8316,0.0182,10.0,10.0,6,1
2026-02-01 17:00:00,SEG_006,city_road,50,215,0.67,21.45,0.0,3588.94,6,0,2,17,1,39.53,0.429,1.4405000000000001,10.0,15.0,6,1
2026-02-01 18:00:00,SEG_002,expressway,100,75,0.25,74.54,30.861529051466096,61.49,3,1,2,18,1,44.82,0.7454000000000001,0.1875,80.0,37.5,6,1
2026-02-01 19:00:00,SEG_011,rural,40,340,0.82,10.0,30.861529051466096,61.49,3,1,3,19,1,66.84,0.25,2.788,80.0,37.5,6,1
2026-02-01 20:00:00,SEG_004,highway,80,212,0.5,36.82,0.0,3588.94,3,0,1,20,1,28.5,0.46025,1.06,10.0,7.5,6,1
2026-02-01 21:00:00,SEG_015,city_road,50,66,0.13,45.6,30.861529051466096,61.49,4,0,1,21,0,20.5,0.912,0.0858,80.0,10.0,6,1
2026-02-01 22:00:00,SEG_006,highway,80,167,0.46,39.23,0.0,3588.94,1,0,5,22,0,33.06,0.49037499999999995,0.7682,10.0,2.5,6,1
2026-02-01 23:00:00,SEG_017,rural,40,294,0.82,10.0,0.0,3588.94,4,0,5,23,0,56.81,0.25,2.4107999999999996,10.0,10.0,6,1
2026-02-02 00:00:00,SEG_006,rural,40,176,0.47,19.59,0.0,3588.94,4,0,1,0,0,31.64,0.48975,0.8271999999999999,10.0,10.0,0,0
2026-02-02 01:00:00,SEG_019,city_road,50,221,0.56,20.8,0.0,3588.94,4,0,5,1,0,38.78,0.41600000000000004,1.2376,10.0,10.0,0,0
2026-02-02 02:00:00,SEG_002,expressway,100,145,0.34,66.05,30.861529051466096,61.49,1,1,2,2,0,39.59,0.6605,0.493,80.0,32.5,0,0
2026-02-02 03:00:00,SEG_015,city_road,50,324,0.83,14.79,0.0,3588.94,2,0,1,3,0,41.14,0.2958,2.6892,10.0,5.0,0,0
2026-02-02 04:00:00,SEG_011,city_road,50,388,0.93,10.0,0.0,3588.94,1,0,1,4,0,38.9,0.2,3.6084,10.0,2.5,0,0
2026-02-02 05:00:00,SEG_008,highway,80,313,0.69,26.01,0.0,3588.94,2,0,3,5,0,36.58,0.325125,2.1597,10.0,5.0,0,0
2026-02-02 06:00:00,SEG_019,expressway,100,83,0.29,76.28,0.0,3588.94,2,0,5,6,0,28.24,0.7628,0.24069999999999997,10.0,5.0,0,0
2026-02-02 07:00:00,SEG_013,highway,80,344,0.81,15.25,30.861529051466096,61.49,3,1,1,7,0,60.75,0.190625,2.7864,80.0,37.5,0,0
2026-02-02 08:00:00,SEG_012,expressway,100,195,0.47,63.68,30.861529051466096,61.49,2,1,2,8,1,49.89,0.6368,0.9165,80.0,35.0,0,0
2026-02-02 09:00:00,SEG_005,expressway,100,135,0.37,56.68,0.0,3588.94,5,0,0,9,1,21.35,0.5668,0.4995,10.0,12.5,0,0
2026-02-02 10:00:00,SEG_006,expressway,100,223,0.63,32.33,30.861529051466096,61.49,5,1,4,10,1,66.28,0.3233,1.4049,80.0,42.5,0,0
2026-02-02 11:00:00,SEG_004,highway,80,340,0.86,14.27,0.0,3588.94,3,0,1,11,1,37.4,0.178375,2.924,10.0,7.5,0,0
2026-02-02 12:00:00,SEG_019,city_road,50,50,0.07,52.77,30.861529051466096,61.49,5,0,0,12,0,20.67,1.0554000000000001,0.035,80.0,12.5,0,0
2026-02-02 13:00:00,SEG_001,highway,80,132,0.31,54.2,0.0,3588.94,3,0,1,13,0,17.64,0.6775,0.4092,10.0,7.5,0,0
2026-02-02 14:00:00,SEG_017,city_road,50,384,0.93,10.0,0.0,3588.94,8,0,4,14,0,55.75,0.2,3.5712,10.0,20.0,0,0
2026-02-02 15:00:00,SEG_012,highway,80,344,0.86,20.0,0.0,3588.94,8,0,3,15,0,58.53,0.25,2.9583999999999997,10.0,20.0,0,0
2026-02-02 16:00:00,SEG_015,rural,40,395,1.0,10.0,0.0,3588.94,4,0,3,16,0,51.79,0.25,3.95,10.0,10.0,0,0
2026-02-02 17:00:00,SEG_001,city_road,50,363,0.78,12.7,0.0,3588.94,1,0,1,17,1,37.39,0.254,2.8314,10.0,2.5,0,0
2026-02-02 18:00:00,SEG_014,city_road,50,86,0.19,47.07,0.0,3588.94,0,0,1,18,1,3.85,0.9414,0.1634,10.0,0.0,0,0
2026-02-02 19:00:00,SEG_006,city_road,50,94,0.21,37.29,0.0,3588.94,3,0,3,19,1,18.0,0.7458,0.1974,10.0,7.5,0,0
2026-02-02 20:00:00,SEG_005,city_road,50,64,0.1,41.89,30.861529051466096,61.49,4,1,3,20,1,44.62,0.8378,0.064,80.0,40.0,0,0
2026-02-02 21:00:00,SEG_011,city_road,50,279,0.73,10.73,0.0,3588.94,3,0,2,21,0,37.34,0.2146,2.0367,10.0,7.5,0,0
2026-02-02 22:00:00,SEG_004,city_road,50,173,0.36,36.51,0.0,3588.94,6,0,2,22,0,27.13,0.7302,0.6228,10.0,15.0,0,0
2026-02-02 23:00:00,SEG_013,rural,40,174,0.37,30.5,0.0,3588.94,4,0,3,23,0,33.36,0.7625,0.6438,10.0,10.0,0,0
2026-02-03 00:00:00,SEG_011,city_road,50,382,1.0,10.0,30.861529051466096,61.49,4,0,4,0,0,60.11,0.2,3.82,80.0,10.0,1,0
2026-02-03 01:00:00,SEG_003,rural,40,253,0.71,21.02,0.0,3588.94,3,0,3,1,0,43.45,0.5255,1.7962999999999998,10.0,7.5,1,0
2026-02-03 02:00:00,SEG_001,expressway,100,70,0.17,83.16,30.861529051466096,61.49,2,1,2,2,0,38.45,0.8316,0.119,80.0,35.0,1,0
2026-02-03 03:00:00,SEG_006,highway,80,325,0.75,26.46,30.861529051466096,61.49,5,1,3,3,0,64.76,0.33075,2.4375,80.0,42.5,1,0
2026-02-03 04:00:00,SEG_018,rural,40,281,0.67,11.04,0.0,3588.94,4,0,1,4,0,32.44,0.27599999999999997,1.8827,10.0,10.0,1,0
2026-02-03 05:00:00,SEG_010,highway,80,334,0.89,20.47,0.0,3588.94,3,0,3,5,0,50.27,0.25587499999999996,2.9726,10.0,7.5,1,0
2026-02-03 06:00:00,SEG_005,expressway,100,144,0.37,70.85,0.0,3588.94,5,0,2,6,0,28.06,0.7084999999999999,0.5327999999999999,10.0,12.5,1,0
2026-02-03 07:00:00,SEG_010,city_road,50,264,0.65,16.86,0.0,3588.94,2,0,2,7,0,35.67,0.3372,1.7160000000000002,10.0,5.0,1,0
2026-02-03 08:00:00,SEG_012,expressway,100,49,0.14,93.17,30.861529051466096,61.49,2,1,2,8,1,41.82,0.9317,0.06860000000000001,80.0,35.0,1,0
2026-02-03 09:00:00,SEG_002,expressway,100,141,0.35,71.92,30.861529051466096,61.49,2,0,2,9,1,29.72,0.7192000000000001,0.49349999999999994,80.0,5.0,1,0
2026-02-03 10:00:00,SEG_013,expressway,100,144,0.44,63.77,0.0,3588.94,3,0,6,10,1,35.73,0.6377,0.6335999999999999,10.0,7.5,1,0
2026-02-03 11:00:00,SEG_008,expressway,100,56,0.1,77.59,0.0,3588.94,3,0,1,11,1,11.29,0.7759,0.05600000000000001,10.0,7.5,1,0
2026-02-03 12:00:00,SEG_002,city_road,50,189,0.43,32.1,30.861529051466096,61.49,3,0,1,12,0,32.82,0.642,0.8127,80.0,7.5,1,0
2026-02-03 13:00:00,SEG_001,highway,80,143,0.29,59.51,0.0,3588.94,0,0,5,13,0,29.67,0.743875,0.41469999999999996,10.0,0.0,1,0
2026-02-03 14:00:00,SEG_005,city_road,50,376,0.91,10.0,0.0,3588.94,4,0,3,14,0,45.17,0.2,3.4215999999999998,10.0,10.0,1,0
2026-02-03 15:00:00,SEG_009,highway,80,54,0.08,74.69,0.0,3588.94,4,0,5,15,0,26.46,0.9336249999999999,0.0432,10.0,10.0,1,0
2026-02-03 16:00:00,SEG_017,city_road,50,106,0.28,37.24,0.0,3588.94,2,0,2,16,0,20.33,0.7448,0.29680000000000006,10.0,5.0,1,0
2026-02-03 17:00:00,SEG_009,city_road,50,153,0.38,37.42,30.861529051466096,61.49,4,1,2,17,1,44.6,0.7484000000000001,0.5814,80.0,40.0,1,0
2026-02-03 18:00:00,SEG_011,rural,40,215,0.48,23.5,0.0,3588.94,2,0,1,18,1,21.14,0.5875,1.032,10.0,5.0,1,0
2026-02-03 19:00:00,SEG_015,city_road,50,293,0.76,13.08,0.0,3588.94,1,0,2,19,1,32.55,0.2616,2.2268000000000003,10.0,2.5,1,0
2026-02-03 20:00:00,SEG_006,expressway,100,220,0.63,42.7,30.861529051466096,61.49,1,0,2,20,1,40.06,0.42700000000000005,1.3860000000000001,80.0,2.5,1,0
2026-02-03 21:00:00,SEG_003,highway,80,388,0.99,10.0,0.0,3588.94,1,0,2,21,0,45.47,0.125,3.8411999999999997,10.0,2.5,1,0
2026-02-03 22:00:00,SEG_017,expressway,100,304,0.63,39.57,30.861529051466096,61.49,1,1,3,22,0,50.14,0.3957,1.9152,80.0,32.5,1,0
2026-02-03 23:00:00,SEG_005,rural,40,96,0.34,35.74,0.0,3588.94,2,0,2,23,0,23.82,0.8935000000000001,0.3264,10.0,5.0,1,0
2026-02-04 00:00:00,SEG_012,city_road,50,78,0.23,36.33,0.0,3588.94,1,0,0,0,0,11.58,0.7265999999999999,0.1794,10.0,2.5,2,0
2026-02-04 01:00:00,SEG_018,city_road,50,145,0.46,19.42,30.861529051466096,61.49,5,0,1,1,0,38.55,0.3884,0.667,80.0,12.5,2,0
2026-02-04 02:00:00,SEG_014,expressway,100,128,0.37,63.36,0.0,3588.94,2,0,2,2,0,23.41,0.6335999999999999,0.4736,10.0,5.0,2,0
2026-02-04 03:00:00,SEG_011,highway,80,243,0.67,27.47,0.0,3588.94,1,0,7,3,0,43.3,0.343375,1.6281,10.0,2.5,2,0
2026-02-04 04:00:00,SEG_009,city_road,50,297,0.75,16.11,0.0,3588.94,3,0,1,4,0,38.76,0.3222,2.2275,10.0,7.5,2,0
2026-02-04 05:00:00,SEG_002,city_road,50,87,0.2,40.54,0.0,3588.94,5,0,3,5,0,21.1,0.8108,0.17400000000000002,10.0,12.5,2,0
2026-02-04 06:00:00,SEG_012,highway,80,88,0.24,64.58,0.0,3588.94,3,0,2,6,0,20.25,0.80725,0.2112,10.0,7.5,2,0
2026-02-04 07:00:00,SEG_003,city_road,50,184,0.42,41.52,30.861529051466096,61.49,3,1,1,7,0,45.65,0.8304,0.7728,80.0,37.5,2,0
2026-02-04 08:00:00,SEG_003,highway,80,324,0.83,17.61,30.861529051466096,61.49,1,0,3,8,1,46.05,0.220125,2.6892,80.0,2.5,2,0
2026-02-04 09:00:00,SEG_001,highway,80,181,0.32,59.29,30.861529051466096,61.49,2,1,3,9,1,45.55,0.741125,0.5792,80.0,35.0,2,0
2026-02-04 10:00:00,SEG_008,highway,80,384,0.96,10.0,0.0,3588.94,3,0,3,10,1,49.16,0.125,3.6864,10.0,7.5,2,0
2026-02-04 11:00:00,SEG_008,rural,40,361,0.97,10.0,0.0,3588.94,2,0,1,11,1,37.06,0.25,3.5016999999999996,10.0,5.0,2,0
2026-02-04 12:00:00,SEG_011,city_road,50,328,0.82,10.0,0.0,3588.94,4,0,4,12,0,50.71,0.2,2.6895999999999995,10.0,10.0,2,0
2026-02-04 13:00:00,SEG_009,rural,40,398,1.0,10.0,30.861529051466096,61.49,4,0,4,13,0,61.61,0.25,3.98,80.0,10.0,2,0
2026-02-04 14:00:00,SEG_005,city_road,50,362,0.89,10.0,0.0,3588.94,4,0,2,14,0,47.77,0.2,3.2218,10.0,10.0,2,0
2026-02-04 15:00:00,SEG_014,city_road,50,61,0.2,42.57,0.0,3588.94,2,0,1,15,0,12.14,0.8514,0.122,10.0,5.0,2,0
2026-02-04 16:00:00,SEG_003,city_road,50,373,0.89,10.0,30.861529051466096,61.49,3,1,3,16,0,66.84,0.2,3.3197,80.0,37.5,2,0
2026-02-04 17:00:00,SEG_005,city_road,50,128,0.37,24.93,0.0,3588.94,1,0,1,17,1,15.11,0.4986,0.4736,10.0,2.5,2,0
2026-02-04 18:00:00,SEG_005,highway,80,70,0.19,65.45,0.0,3588.94,3,0,1,18,1,13.81,0.818125,0.13299999999999998,10.0,7.5,2,0
2026-02-04 19:00:00,SEG_019,city_road,50,269,0.66,13.31,30.861529051466096,61.49,2,1,2,19,1,53.41,0.2662,1.7754,80.0,35.0,2,0
2026-02-04 20:00:00,SEG_014,highway,80,360,0.77,20.65,30.861529051466096,61.49,0,1,2,20,1,56.97,0.258125,2.7720000000000002,80.0,30.0,2,0
2026-02-04 21:00:00,SEG_004,city_road,50,40,0.09,49.04,0.0,3588.94,3,0,2,21,0,18.29,0.9808,0.036,10.0,7.5,2,0
2026-02-04 22:00:00,SEG_013,city_road,50,319,0.81,10.0,0.0,3588.94,4,0,1,22,0,40.51,0.2,2.5839000000000003,10.0,10.0,2,0
2026-02-04 23:00:00,SEG_010,highway,80,158,0.44,43.61,30.861529051466096,61.49,1,1,1,23,0,42.88,0.545125,0.6952,80.0,32.5,2,0
2026-02-05 00:00:00,SEG_018,highway,80,378,1.0,10.0,0.0,3588.94,2,0,1,0,0,43.46,0.125,3.78,10.0,5.0,3,0
2026-02-05 01:00:00,SEG_008,expressway,100,343,0.96,10.0,0.0,3588.94,5,0,5,1,0,58.49,0.1,3.2928,10.0,12.5,3,0
2026-02-05 02:00:00,SEG_008,city_road,50,111,0.34,34.07,0.0,3588.94,0,0,3,2,0,20.99,0.6814,0.37740000000000007,10.0,0.0,3,0
2026-02-05 03:00:00,SEG_007,highway,80,299,0.72,15.24,0.0,3588.94,1,0,2,3,0,32.28,0.1905,2.1528,10.0,2.5,3,0
2026-02-05 04:00:00,SEG_008,rural,40,144,0.34,29.23,0.0,3588.94,2,0,2,4,0,24.41,0.73075,0.48960000000000004,10.0,5.0,3,0
2026-02-05 05:00:00,SEG_014,highway,80,130,0.36,49.02,0.0,3588.94,2,0,1,5,0,11.9,0.61275,0.46799999999999997,10.0,5.0,3,0
2026-02-05 06:00:00,SEG_019,city_road,50,373,0.96,10.0,0.0,3588.94,2,0,0,6,0,31.2,0.2,3.5808,10.0,5.0,3,0
2026-02-05 07:00:00,SEG_006,rural,40,158,0.48,17.9,0.0,3588.94,4,0,4,7,0,39.88,0.44749999999999995,0.7584,10.0,10.0,3,0
2026-02-05 08:00:00,SEG_001,highway,80,292,0.85,10.0,30.861529051466096,61.49,3,1,1,8,1,60.88,0.125,2.4819999999999998,80.0,37.5,3,0
2026-02-05 09:00:00,SEG_015,highway,80,118,0.41,52.54,30.861529051466096,61.49,3,1,2,9,1,51.82,0.65675,0.48379999999999995,80.0,37.5,3,0
2026-02-05 10:00:00,SEG_001,highway,80,271,0.75,20.87,30.861529051466096,61.49,2,1,3,10,1,60.14,0.260875,2.0324999999999998,80.0,35.0,3,0
2026-02-05 11:00:00,SEG_017,city_road,50,357,0.92,10.0,0.0,3588.94,3,0,1,11,1,46.22,0.2,3.2844,10.0,7.5,3,0
2026-02-05 12:00:00,SEG_001,highway,80,123,0.37,58.65,0.0,3588.94,1,0,1,12,0,17.54,0.733125,0.4551,10.0,2.5,3,0
2026-02-05 13:00:00,SEG_015,city_road,50,233,0.67,19.63,0.0,3588.94,2,0,0,13,0,28.8,0.3926,1.5611000000000002,10.0,5.0,3,0
2026-02-05 14:00:00,SEG_002,highway,80,268,0.66,25.52,30.861529051466096,61.49,0,1,2,14,0,50.47,0.319,1.7688000000000001,80.0,30.0,3,0
2026-02-05 15:00:00,SEG_014,city_road,50,171,0.4,22.23,0.0,3588.94,4,0,1,15,0,22.31,0.4446,0.684,10.0,10.0,3,0
2026-02-05 16:00:00,SEG_008,rural,40,269,0.63,12.68,0.0,3588.94,4,0,2,16,0,30.83,0.317,1.6946999999999999,10.0,10.0,3,0
2026-02-05 17:00:00,SEG_008,expressway,100,294,0.69,29.9,30.861529051466096,61.49,6,0,4,17,1,58.22,0.299,2.0286,80.0,15.0,3,0
2026-02-05 18:00:00,SEG_019,city_road,50,184,0.39,32.35,0.0,3588.94,3,0,3,18,1,29.84,0.647,0.7176,10.0,7.5,3,0
2026-02-05 19:00:00,SEG_007,city_road,50,360,0.91,10.0,0.0,3588.94,4,0,1,19,1,43.13,0.2,3.2760000000000002,10.0,10.0,3,0
2026-02-05 20:00:00,SEG_019,city_road,50,27,0.02,53.03,30.861529051466096,61.49,1,1,3,20,1,31.0,1.0606,0.0054,80.0,32.5,3,0
2026-02-05 21:00:00,SEG_006,city_road,50,303,0.72,10.0,30.861529051466096,61.49,3,0,1,21,0,46.16,0.2,2.1816,80.0,7.5,3,0
2026-02-05 22:00:00,SEG_006,city_road,50,24,0.1,46.04,0.0,3588.94,1,0,0,22,0,5.82,0.9208,0.024,10.0,2.5,3,0
2026-02-05 23:00:00,SEG_003,highway,80,164,0.42,45.6,30.861529051466096,61.49,3,1,3,23,0,54.52,0.5700000000000001,0.6888,80.0,37.5,3,0
2026-02-06 00:00:00,SEG_007,expressway,100,120,0.32,81.39,0.0,3588.94,2,0,2,0,0,21.19,0.8139,0.384,10.0,5.0,4,0
2026-02-06 01:00:00,SEG_019,city_road,50,183,0.53,23.82,30.861529051466096,61.49,5,1,4,1,0,60.0,0.4764,0.9699000000000001,80.0,42.5,4,0
2026-02-06 02:00:00,SEG_008,highway,80,393,1.0,10.0,0.0,3588.94,4,0,1,2,0,48.98,0.125,3.93,10.0,10.0,4,0
2026-02-06 03:00:00,SEG_010,city_road,50,166,0.49,26.05,0.0,3588.94,1,0,3,3,0,29.5,0.521,0.8133999999999999,10.0,2.5,4,0
2026-02-06 04:00:00,SEG_015,city_road,50,83,0.21,39.46,0.0,3588.94,4,0,2,4,0,20.81,0.7892,0.17429999999999998,10.0,10.0,4,0
2026-02-06 05:00:00,SEG_015,expressway,100,110,0.36,54.05,30.861529051466096,61.49,2,1,0,5,0,40.62,0.5405,0.396,80.0,35.0,4,0
2026-02-06 06:00:00,SEG_001,expressway,100,136,0.36,66.04,0.0,3588.94,1,0,1,6,0,20.05,0.6604000000000001,0.48960000000000004,10.0,2.5,4,0
2026-02-06 07:00:00,SEG_007,expressway,100,373,0.94,10.0,0.0,3588.94,6,0,2,7,0,52.88,0.1,3.5061999999999998,10.0,15.0,4,0
2026-02-06 08:00:00,SEG_004,highway,80,286,0.79,16.67,0.0,3588.94,1,0,4,8,1,36.52,0.20837500000000003,2.2594,10.0,2.5,4,0
2026-02-06 09:00:00,SEG_006,city_road,50,329,0.78,10.0,30.861529051466096,61.49,4,1,0,9,1,53.54,0.2,2.5662000000000003,80.0,40.0,4,0
2026-02-06 10:00:00,SEG_001,city_road,50,192,0.58,15.53,0.0,3588.94,4,0,0,10,1,30.5,0.3106,1.1136,10.0,10.0,4,0
2026-02-06 11:00:00,SEG_005,highway,80,66,0.15,72.39,0.0,3588.94,6,0,2,11,1,21.16,0.904875,0.099,10.0,15.0,4,0
2026-02-06 12:00:00,SEG_001,highway,80,159,0.34,58.34,0.0,3588.94,6,0,3,12,0,29.75,0.7292500000000001,0.5406000000000001,10.0,15.0,4,0
2026-02-06 13:00:00,SEG_004,expressway,100,265,0.7,32.09,0.0,3588.94,1,0,2,13,0,33.62,0.3209,1.8549999999999998,10.0,2.5,4,0
2026-02-06 14:00:00,SEG_002,highway,80,168,0.4,38.95,0.0,3588.94,4,0,1,14,0,21.76,0.48687500000000006,0.672,10.0,10.0,4,0
2026-02-06 15:00:00,SEG_010,city_road,50,265,0.76,14.42,0.0,3588.94,6,0,3,15,0,46.16,0.2884,2.014,10.0,15.0,4,0
2026-02-06 16:00:00,SEG_005,highway,80,24,0.04,67.82,0.0,3588.94,6,0,1,16,0,18.96,0.8477499999999999,0.0096,10.0,15.0,4,0
2026-02-06 17:00:00,SEG_010,highway,80,203,0.52,35.09,0.0,3588.94,2,0,1,17,1,20.66,0.43862500000000004,1.0555999999999999,10.0,5.0,4,0
2026-02-06 18:00:00,SEG_001,highway,80,39,0.03,81.93,30.861529051466096,61.49,4,0,5,18,1,27.66,1.0241250000000002,0.0117,80.0,10.0,4,0
2026-02-06 19:00:00,SEG_006,rural,40,65,0.2,35.29,0.0,3588.94,4,0,1,19,1,13.17,0.88225,0.13,10.0,10.0,4,0
2026-02-06 20:00:00,SEG_013,expressway,100,31,0.04,98.28,0.0,3588.94,3,0,1,20,1,7.82,0.9828,0.0124,10.0,7.5,4,0
2026-02-06 21:00:00,SEG_015,rural,40,89,0.26,36.16,30.861529051466096,61.49,2,0,1,21,0,24.06,0.9039999999999999,0.23140000000000002,80.0,5.0,4,0
2026-02-06 22:00:00,SEG_004,city_road,50,36,0.07,49.3,0.0,3588.94,0,0,2,22,0,6.59,0.986,0.0252,10.0,0.0,4,0
2026-02-06 23:00:00,SEG_013,highway,80,390,0.87,10.0,30.861529051466096,61.49,3,0,2,23,0,54.68,0.125,3.393,80.0,7.5,4,0
2026-02-07 00:00:00,SEG_015,city_road,50,166,0.42,27.15,0.0,3588.94,0,0,2,0,0,22.07,0.5429999999999999,0.6971999999999999,10.0,0.0,5,1
2026-02-07 01:00:00,SEG_008,city_road,50,173,0.44,27.79,0.0,3588.94,1,0,1,1,0,20.34,0.5558,0.7612,10.0,2.5,5,1
2026-02-07 02:00:00,SEG_005,expressway,100,323,0.85,14.21,0.0,3588.94,3,0,1,2,0,42.55,0.1421,2.7455,10.0,7.5,5,1
2026-02-07 03:00:00,SEG_015,highway,80,127,0.4,44.91,30.861529051466096,61.49,3,1,3,3,0,47.72,0.561375,0.508,80.0,37.5,5,1
2026-02-07 04:00:00,SEG_004,city_road,50,255,0.73,10.0,0.0,3588.94,1,0,1,4,0,33.15,0.2,1.8615,10.0,2.5,5,1
2026-02-07 05:00:00,SEG_012,highway,80,327,0.86,23.2,0.0,3588.94,8,0,0,5,0,44.39,0.29,2.8122,10.0,20.0,5,1
2026-02-07 06:00:00,SEG_013,city_road,50,371,0.94,10.0,30.861529051466096,61.49,3,0,1,6,0,48.25,0.2,3.4873999999999996,80.0,7.5,5,1
2026-02-07 07:00:00,SEG_002,expressway,100,89,0.15,96.76,0.0,3588.94,1,0,4,7,0,21.08,0.9676,0.1335,10.0,2.5,5,1
2026-02-07 08:00:00,SEG_019,city_road,50,202,0.52,18.29,0.0,3588.94,2,0,1,8,1,23.96,0.36579999999999996,1.0504,10.0,5.0,5,1
2026-02-07 09:00:00,SEG_019,city_road,50,269,0.68,19.29,0.0,3588.94,3,0,1,9,1,33.35,0.3858,1.8292000000000002,10.0,7.5,5,1
2026-02-07 10:00:00,SEG_004,city_road,50,247,0.61,20.65,30.861529051466096,61.49,1,1,0,10,1,45.77,0.413,1.5067000000000002,80.0,32.5,5,1
2026-02-07 11:00:00,SEG_004,city_road,50,121,0.33,28.89,0.0,3588.94,3,0,3,11,1,27.47,0.5778,0.3993,10.0,7.5,5,1
2026-02-07 12:00:00,SEG_011,expressway,100,94,0.29,68.66,0.0,3588.94,3,0,3,12,0,23.63,0.6866,0.27259999999999995,10.0,7.5,5,1
2026-02-07 13:00:00,SEG_005,expressway,100,235,0.55,44.92,0.0,3588.94,5,0,2,13,0,38.03,0.44920000000000004,1.2925000000000002,10.0,12.5,5,1
2026-02-07 14:00:00,SEG_011,rural,40,222,0.51,15.38,0.0,3588.94,5,0,0,14,0,21.72,0.3845,1.1322,10.0,12.5,5,1
2026-02-07 15:00:00,SEG_010,expressway,100,211,0.52,46.72,30.861529051466096,61.49,6,1,0,15,0,54.84,0.4672,1.0972,80.0,45.0,5,1
2026-02-07 16:00:00,SEG_008,city_road,50,268,0.64,10.0,30.861529051466096,61.49,4,1,2,16,0,53.44,0.2,1.7152,80.0,40.0,5,1
2026-02-07 17:00:00,SEG_006,city_road,50,261,0.57,25.06,30.861529051466096,61.49,1,0,2,17,1,33.41,0.5012,1.4876999999999998,80.0,2.5,5,1
2026-02-07 18:00:00,SEG_006,city_road,50,198,0.45,33.64,30.861529051466096,61.49,1,1,0,18,1,42.03,0.6728000000000001,0.891,80.0,32.5,5,1
2026-02-07 19:00:00,SEG_008,highway,80,238,0.53,39.87,0.0,3588.94,5,0,3,19,1,31.51,0.49837499999999996,1.2614,10.0,12.5,5,1
2026-02-07 20:00:00,SEG_015,expressway,100,101,0.31,80.32,0.0,3588.94,4,0,2,20,1,25.35,0.8031999999999999,0.3131,10.0,10.0,5,1
2026-02-07 21:00:00,SEG_014,highway,80,111,0.36,54.61,30.861529051466096,61.49,3,0,1,21,0,25.2,0.682625,0.3996,80.0,7.5,5,1
2026-02-07 22:00:00,SEG_011,rural,40,194,0.43,28.51,0.0,3588.94,1,0,2,22,0,20.14,0.71275,0.8341999999999999,10.0,2.5,5,1
2026-02-07 23:00:00,SEG_012,city_road,50,258,0.67,22.69,0.0,3588.94,1,0,2,23,0,28.4,0.45380000000000004,1.7286000000000001,10.0,2.5,5,1
2026-02-08 00:00:00,SEG_013,city_road,50,279,0.74,10.0,30.861529051466096,61.49,1,0,3,0,0,40.59,0.2,2.0646,80.0,2.5,6,1
2026-02-08 01:00:00,SEG_008,city_road,50,384,0.89,10.0,0.0,3588.94,1,0,2,1,0,33.96,0.2,3.4175999999999997,10.0,2.5,6,1
2026-02-08 02:00:00,SEG_018,expressway,100,182,0.46,47.09,30.861529051466096,61.49,2,1,2,2,0,55.03,0.47090000000000004,0.8372,80.0,35.0,6,1
2026-02-08 03:00:00,SEG_001,city_road,50,67,0.29,29.6,0.0,3588.94,0,0,2,3,0,15.6,0.5920000000000001,0.1943,10.0,0.0,6,1
2026-02-08 04:00:00,SEG_015,city_road,50,348,0.9,10.0,0.0,3588.94,0,0,2,4,0,33.79,0.2,3.132,10.0,0.0,6,1
2026-02-08 05:00:00,SEG_008,highway,80,347,0.86,10.0,0.0,3588.94,2,0,0,5,0,32.41,0.125,2.9842,10.0,5.0,6,1
2026-02-08 06:00:00,SEG_011,city_road,50,135,0.31,37.75,0.0,3588.94,0,0,1,6,0,13.96,0.755,0.41850000000000004,10.0,0.0,6,1
2026-02-08 07:00:00,SEG_012,highway,80,356,0.79,18.97,30.861529051466096,61.49,5,0,3,7,0,53.23,0.23712499999999997,2.8124000000000002,80.0,12.5,6,1
2026-02-08 08:00:00,SEG_012,expressway,100,356,0.91,10.0,0.0,3588.94,4,0,4,8,1,48.05,0.1,3.2396000000000003,10.0,10.0,6,1
2026-02-08 09:00:00,SEG_004,city_road,50,388,1.0,10.0,0.0,3588.94,2,0,1,9,1,39.3,0.2,3.88,10.0,5.0,6,1
2026-02-08 10:00:00,SEG_016,city_road,50,244,0.57,25.42,0.0,3588.94,1,0,3,10,1,34.51,0.5084000000000001,1.3907999999999998,10.0,2.5,6,1
2026-02-08 11:00:00,SEG_004,highway,80,371,0.83,15.81,0.0,3588.94,2,0,4,11,1,40.84,0.197625,3.0793,10.0,5.0,6,1
2026-02-08 12:00:00,SEG_005,highway,80,347,0.83,10.0,0.0,3588.94,1,0,2,12,0,31.06,0.125,2.8801,10.0,2.5,6,1
2026-02-08 13:00:00,SEG_005,expressway,100,166,0.46,50.3,30.861529051466096,61.49,2,1,1,13,0,44.65,0.503,0.7636,80.0,35.0,6,1
2026-02-08 14:00:00,SEG_008,highway,80,82,0.18,65.73,0.0,3588.94,5,0,1,14,0,13.5,0.821625,0.14759999999999998,10.0,12.5,6,1
2026-02-08 15:00:00,SEG_010,highway,80,313,0.74,24.47,30.861529051466096,61.49,6,0,5,15,0,57.89,0.305875,2.3162,80.0,15.0,6,1
2026-02-08 16:00:00,SEG_017,highway,80,342,0.86,10.0,30.861529051466096,61.49,4,1,2,16,0,63.06,0.125,2.9412,80.0,40.0,6,1
2026-02-08 17:00:00,SEG_009,rural,40,344,0.87,10.0,0.0,3588.94,2,0,1,17,1,33.72,0.25,2.9928,10.0,5.0,6,1
2026-02-08 18:00:00,SEG_019,expressway,100,32,0.01,91.17,0.0,3588.94,3,0,0,18,1,6.56,0.9117000000000001,0.0032,10.0,7.5,6,1
2026-02-08 19:00:00,SEG_014,city_road,50,208,0.51,29.63,30.861529051466096,61.49,4,0,1,19,1,37.34,0.5926,1.0608,80.0,10.0,6,1
2026-02-08 20:00:00,SEG_008,highway,80,306,0.74,22.01,0.0,3588.94,1,0,1,20,1,28.48,0.275125,2.2644,10.0,2.5,6,1
2026-02-08 21:00:00,SEG_009,city_road,50,227,0.54,16.27,0.0,3588.94,0,0,2,21,0,24.62,0.32539999999999997,1.2258,10.0,0.0,6,1
2026-02-08 22:00:00,SEG_011,expressway,100,133,0.28,65.24,0.0,3588.94,7,0,2,22,0,27.23,0.6524,0.37240000000000006,10.0,17.5,6,1
2026-02-08 23:00:00,SEG_001,city_road,50,41,0.15,44.44,30.861529051466096,61.49,2,0,0,23,0,18.17,0.8887999999999999,0.06149999999999999,80.0,5.0,6,1
2026-02-09 00:00:00,SEG_014,highway,80,368,0.89,15.67,30.861529051466096,61.49,6,1,0,0,0,61.43,0.195875,3.2752000000000003,80.0,45.0,0,0
2026-02-09 01:00:00,SEG_005,highway,80,233,0.48,36.12,30.861529051466096,61.49,2,1,7,1,0,59.01,0.45149999999999996,1.1184,80.0,35.0,0,0
2026-02-09 02:00:00,SEG_014,highway,80,190,0.49,44.73,0.0,3588.94,3,0,0,2,0,23.87,0.559125,0.9309999999999999,10.0,7.5,0,0
2026-02-09 03:00:00,SEG_004,city_road,50,342,0.89,10.0,0.0,3588.94,6,0,4,3,0,62.16,0.2,3.0438,10.0,15.0,0,0
2026-02-09 04:00:00,SEG_001,expressway,100,73,0.14,90.12,0.0,3588.94,4,0,1,4,0,10.64,0.9012,0.10220000000000001,10.0,10.0,0,0
2026-02-09 05:00:00,SEG_019,highway,80,317,0.76,22.62,0.0,3588.94,2,0,3,5,0,47.57,0.28275,2.4092,10.0,5.0,0,0
2026-02-09 06:00:00,SEG_008,highway,80,339,0.82,15.18,0.0,3588.94,7,0,1,6,0,47.97,0.18975,2.7798,10.0,17.5,0,0
2026-02-09 07:00:00,SEG_015,highway,80,145,0.35,42.83,30.861529051466096,61.49,5,1,3,7,0,59.45,0.5353749999999999,0.5075,80.0,42.5,0,0
2026-02-09 08:00:00,SEG_015,rural,40,296,0.8,11.41,30.861529051466096,61.49,5,1,1,8,1,66.43,0.28525,2.368,80.0,42.5,0,0
2026-02-09 09:00:00,SEG_009,highway,80,223,0.55,38.51,0.0,3588.94,0,0,3,9,1,25.42,0.481375,1.2265000000000001,10.0,0.0,0,0
2026-02-09 10:00:00,SEG_009,expressway,100,213,0.57,45.05,0.0,3588.94,2,0,0,10,1,25.92,0.45049999999999996,1.2140999999999997,10.0,5.0,0,0
2026-02-09 11:00:00,SEG_010,city_road,50,188,0.42,29.98,0.0,3588.94,1,0,2,11,1,20.7,0.5996,0.7896,10.0,2.5,0,0
2026-02-09 12:00:00,SEG_009,city_road,50,171,0.41,25.11,0.0,3588.94,5,0,2,12,0,30.09,0.5022,0.7011,10.0,12.5,0,0
2026-02-09 13:00:00,SEG_003,highway,80,54,0.18,71.01,30.861529051466096,61.49,3,0,1,13,0,19.49,0.8876250000000001,0.09720000000000001,80.0,7.5,0,0
2026-02-09 14:00:00,SEG_011,highway,80,203,0.47,46.89,30.861529051466096,61.49,8,0,3,14,0,46.13,0.586125,0.9540999999999998,80.0,20.0,0,0
2026-02-09 15:00:00,SEG_006,city_road,50,305,0.81,10.0,0.0,3588.94,2,0,2,15,0,41.04,0.2,2.4705,10.0,5.0,0,0
2026-02-09 16:00:00,SEG_002,expressway,100,76,0.16,90.57,0.0,3588.94,3,0,0,16,0,12.91,0.9057,0.1216,10.0,7.5,0,0
2026-02-09 17:00:00,SEG_007,city_road,50,241,0.59,21.16,0.0,3588.94,2,0,3,17,1,36.72,0.4232,1.4219,10.0,5.0,0,0
2026-02-09 18:00:00,SEG_018,city_road,50,322,0.89,10.0,0.0,3588.94,3,0,1,18,1,35.96,0.2,2.8658,10.0,7.5,0,0
2026-02-09 19:00:00,SEG_002,highway,80,182,0.43,44.72,0.0,3588.94,5,0,4,19,1,31.44,0.5589999999999999,0.7826,10.0,12.5,0,0
2026-02-09 20:00:00,SEG_017,rural,40,38,0.1,35.61,0.0,3588.94,8,0,1,20,1,24.81,0.89025,0.038000000000000006,10.0,20.0,0,0
2026-02-09 21:00:00,SEG_011,expressway,100,389,1.0,10.0,0.0,3588.94,3,0,1,21,0,47.08,0.1,3.89,10.0,7.5,0,0
2026-02-09 22:00:00,SEG_012,highway,80,283,0.72,27.57,30.861529051466096,61.49,3,1,3,22,0,63.55,0.344625,2.0376,80.0,37.5,0,0
2026-02-09 23:00:00,SEG_019,rural,40,301,0.77,14.26,0.0,3588.94,5,0,2,23,0,44.21,0.3565,2.3177,10.0,12.5,0,0
2026-02-10 00:00:00,SEG_007,city_road,50,132,0.33,34.42,0.0,3588.94,2,0,2,0,0,24.15,0.6884,0.43560000000000004,10.0,5.0,1,0
2026-02-10 01:00:00,SEG_006,city_road,50,346,0.8,14.45,0.0,3588.94,4,0,1,1,0,39.54,0.289,2.7680000000000002,10.0,10.0,1,0
2026-02-10 02:00:00,SEG_001,expressway,100,49,0.14,81.83,0.0,3588.94,3,0,3,2,0,21.51,0.8183,0.06860000000000001,10.0,7.5,1,0
2026-02-10 03:00:00,SEG_017,expressway,100,154,0.35,67.92,0.0,3588.94,5,0,1,3,0,27.69,0.6792,0.5389999999999999,10.0,12.5,1,0
2026-02-10 04:00:00,SEG_011,city_road,50,86,0.25,36.73,0.0,3588.94,4,0,1,4,0,19.47,0.7345999999999999,0.215,10.0,10.0,1,0
2026-02-10 05:00:00,SEG_018,highway,80,84,0.28,47.3,0.0,3588.94,4,0,3,5,0,25.76,0.5912499999999999,0.23520000000000002,10.0,10.0,1,0
2026-02-10 06:00:00,SEG_017,city_road,50,311,0.69,10.0,0.0,3588.94,2,0,4,6,0,41.3,0.2,2.1458999999999997,10.0,5.0,1,0
2026-02-10 07:00:00,SEG_007,rural,40,44,0.18,29.49,30.861529051466096,61.49,4,1,2,7,0,49.81,0.73725,0.07919999999999999,80.0,40.0,1,0
2026-02-10 08:00:00,SEG_017,highway,80,56,0.12,72.48,0.0,3588.94,5,0,1,8,1,14.66,0.906,0.06720000000000001,10.0,12.5,1,0
2026-02-10 09:00:00,SEG_009,city_road,50,20,0.04,44.69,30.861529051466096,61.49,3,1,1,9,1,31.82,0.8937999999999999,0.008,80.0,37.5,1,0
2026-02-10 10:00:00,SEG_017,city_road,50,56,0.09,42.54,0.0,3588.94,0,0,2,10,1,3.88,0.8508,0.0504,10.0,0.0,1,0
2026-02-10 11:00:00,SEG_008,city_road,50,160,0.41,33.32,0.0,3588.94,3,0,2,11,1,27.65,0.6664,0.656,10.0,7.5,1,0
2026-02-10 12:00:00,SEG_017,city_road,50,251,0.63,15.72,0.0,3588.94,6,0,0,12,0,32.46,0.3144,1.5813,10.0,15.0,1,0
2026-02-10 13:00:00,SEG_007,rural,40,155,0.44,29.05,0.0,3588.94,5,0,1,13,0,24.2,0.7262500000000001,0.682,10.0,12.5,1,0
2026-02-10 14:00:00,SEG_001,highway,80,207,0.48,47.43,30.861529051466096,61.49,3,1,1,14,0,48.32,0.592875,0.9935999999999999,80.0,37.5,1,0
2026-02-10 15:00:00,SEG_013,highway,80,147,0.45,44.11,30.861529051466096,61.49,1,0,1,15,0,32.95,0.551375,0.6615,80.0,2.5,1,0
2026-02-10 16:00:00,SEG_019,highway,80,220,0.58,37.37,30.861529051466096,61.49,6,1,1,16,0,56.96,0.46712499999999996,1.276,80.0,45.0,1,0
2026-02-10 17:00:00,SEG_019,expressway,100,146,0.37,66.09,30.861529051466096,61.49,3,1,2,17,1,46.88,0.6609,0.5402,80.0,37.5,1,0
2026-02-10 18:00:00,SEG_017,city_road,50,276,0.68,14.77,0.0,3588.94,2,0,2,18,1,38.17,0.2954,1.8768,10.0,5.0,1,0
2026-02-10 19:00:00,SEG_013,highway,80,183,0.44,49.11,0.0,3588.94,3,0,1,19,1,24.38,0.613875,0.8052,10.0,7.5,1,0
2026-02-10 20:00:00,SEG_016,expressway,100,54,0.12,93.04,0.0,3588.94,6,0,2,20,1,18.58,0.9304000000000001,0.0648,10.0,15.0,1,0
2026-02-10 21:00:00,SEG_008,expressway,100,213,0.54,41.24,30.861529051466096,61.49,1,1,2,21,0,51.68,0.41240000000000004,1.1502000000000001,80.0,32.5,1,0
2026-02-10 22:00:00,SEG_019,expressway,100,210,0.51,49.77,30.861529051466096,61.49,3,1,1,22,0,52.94,0.49770000000000003,1.0710000000000002,80.0,37.5,1,0
2026-02-10 23:00:00,SEG_018,rural,40,123,0.28,29.51,0.0,3588.94,1,0,1,23,0,14.2,0.73775,0.34440000000000004,10.0,2.5,1,0
2026-02-11 00:00:00,SEG_001,highway,80,42,0.11,75.45,30.861529051466096,61.49,4,1,3,0,0,43.96,0.943125,0.0462,80.0,40.0,2,0
2026-02-11 01:00:00,SEG_014,expressway,100,284,0.67,30.78,0.0,3588.94,1,0,3,1,0,30.52,0.3078,1.9028,10.0,2.5,2,0
2026-02-11 02:00:00,SEG_019,city_road,50,309,0.79,10.0,0.0,3588.94,2,0,3,2,0,38.04,0.2,2.4411,10.0,5.0,2,0
2026-02-11 03:00:00,SEG_015,expressway,100,279,0.69,31.84,0.0,3588.94,5,0,1,3,0,36.15,0.3184,1.9250999999999998,10.0,12.5,2,0
2026-02-11 04:00:00,SEG_018,expressway,100,377,0.98,10.0,0.0,3588.94,2,0,4,4,0,50.53,0.1,3.6946,10.0,5.0,2,0
2026-02-11 05:00:00,SEG_002,expressway,100,94,0.28,66.0,30.861529051466096,61.49,3,1,3,5,0,45.66,0.66,0.2632,80.0,37.5,2,0
2026-02-11 06:00:00,SEG_017,city_road,50,374,0.98,10.0,0.0,3588.94,4,0,4,6,0,53.19,0.2,3.6652,10.0,10.0,2,0
2026-02-11 07:00:00,SEG_018,highway,80,91,0.24,58.2,0.0,3588.94,3,0,1,7,0,17.03,0.7275,0.2184,10.0,7.5,2,0
2026-02-11 08:00:00,SEG_006,city_road,50,278,0.72,12.29,0.0,3588.94,6,0,0,8,1,34.21,0.2458,2.0016,10.0,15.0,2,0
2026-02-11 09:00:00,SEG_019,rural,40,207,0.5,11.17,0.0,3588.94,3,0,4,9,1,34.69,0.27925,1.035,10.0,7.5,2,0
2026-02-11 10:00:00,SEG_004,rural,40,192,0.51,27.09,0.0,3588.94,3,0,1,10,1,30.32,0.67725,0.9792,10.0,7.5,2,0
2026-02-11 11:00:00,SEG_001,highway,80,309,0.81,14.55,0.0,3588.94,3,0,1,11,1,35.56,0.181875,2.5029,10.0,7.5,2,0
2026-02-11 12:00:00,SEG_008,highway,80,64,0.08,72.2,0.0,3588.94,2,0,4,12,0,16.1,0.9025000000000001,0.0512,10.0,5.0,2,0
2026-02-11 13:00:00,SEG_007,highway,80,80,0.22,70.51,0.0,3588.94,3,0,3,13,0,28.96,0.881375,0.17600000000000002,10.0,7.5,2,0
2026-02-11 14:00:00,SEG_003,expressway,100,102,0.32,71.59,0.0,3588.94,4,0,1,14,0,22.88,0.7159,0.3264,10.0,10.0,2,0
2026-02-11 15:00:00,SEG_010,expressway,100,142,0.34,63.32,30.861529051466096,61.49,3,0,0,15,0,23.3,0.6332,0.4828,80.0,7.5,2,0
